com.samsung.shealth.tracker.pedometer_day_summary,6190043,5,,,,,,,,,,,,,,,,
step_count,binning_data,active_time,recommendation,run_step_count,update_time,source_package_name,create_time,source_info,speed,distance,calorie,walk_step_count,deviceuuid,pkg_name,healthy_step,achievement,datauuid,day_time
5150,725caac0-e3c8-4bdb-8101-5bea0685f1f1.binning_data.json,2443315,10000,216,00:00.7,com.sec.android.app.shealth,00:00.7,,1.5208516,3715.92,181.33998,4934,EIy+BrLOSY,com.sec.android.app.shealth,0,725caac0-e3c8-4bdb-8101-5bea0685f1f1.achievement.json,725caac0-e3c8-4bdb-8101-5bea0685f1f1,1.62251E+12
5150,49e1855e-c0dc-40ae-a4f9-b20339d0da6c.binning_data.json,2443315,10000,216,40:01.1,com.sec.android.app.shealth,39:06.1,49e1855e-c0dc-40ae-a4f9-b20339d0da6c.source_info.json,1.5208516,3715.92,181.33998,4934,VfS0qUERdZ,com.sec.android.app.shealth,0,49e1855e-c0dc-40ae-a4f9-b20339d0da6c.achievement.json,49e1855e-c0dc-40ae-a4f9-b20339d0da6c,1.62251E+12
3377,e8e1fbac-d26e-4886-934b-256ddd7ffe6f.binning_data.json,1871431,10000,0,18:34.7,com.sec.android.app.shealth,11:11.3,e8e1fbac-d26e-4886-934b-256ddd7ffe6f.source_info.json,1.294517,2422.6,98.81,3377,VfS0qUERdZ,com.sec.android.app.shealth,0,e8e1fbac-d26e-4886-934b-256ddd7ffe6f.achievement.json,e8e1fbac-d26e-4886-934b-256ddd7ffe6f,1.62233E+12
2144,7b550f5c-e24f-4920-bebe-db7f32f4f084.binning_data.json,1039739,10000,94,42:52.5,com.sec.android.app.shealth,42:52.5,,1.5183231,1578.66,73.02998,2050,EIy+BrLOSY,com.sec.android.app.shealth,0,7b550f5c-e24f-4920-bebe-db7f32f4f084.achievement.json,7b550f5c-e24f-4920-bebe-db7f32f4f084,1.62242E+12
3377,9b5fe495-53b8-433e-ba41-53c98f27a26c.binning_data.json,1871431,10000,0,03:39.2,com.sec.android.app.shealth,03:39.2,,1.294517,2422.6,98.81,3377,EIy+BrLOSY,com.sec.android.app.shealth,0,9b5fe495-53b8-433e-ba41-53c98f27a26c.achievement.json,9b5fe495-53b8-433e-ba41-53c98f27a26c,1.62233E+12
2144,95c8ba94-e8c8-42eb-9ea8-c6b6f3c63064.binning_data.json,1039739,10000,94,55:13.2,com.sec.android.app.shealth,33:27.4,95c8ba94-e8c8-42eb-9ea8-c6b6f3c63064.source_info.json,1.5183231,1578.66,73.02998,2050,VfS0qUERdZ,com.sec.android.app.shealth,0,95c8ba94-e8c8-42eb-9ea8-c6b6f3c63064.achievement.json,95c8ba94-e8c8-42eb-9ea8-c6b6f3c63064,1.62242E+12
5139,24c57195-b6a0-4393-a0f6-d0f162f424bd.binning_data.json,2592167,10000,74,00:01.4,com.sec.android.app.shealth,00:01.4,,1.4339044,3716.92,172.18997,5065,EIy+BrLOSY,com.sec.android.app.shealth,0,24c57195-b6a0-4393-a0f6-d0f162f424bd.achievement.json,24c57195-b6a0-4393-a0f6-d0f162f424bd,1.62276E+12
5139,f916921b-6061-4bf5-b861-59289fee1ff3.binning_data.json,2592167,10000,74,56:45.3,com.sec.android.app.shealth,18:16.9,f916921b-6061-4bf5-b861-59289fee1ff3.source_info.json,1.4339044,3716.92,172.18997,5065,VfS0qUERdZ,com.sec.android.app.shealth,0,f916921b-6061-4bf5-b861-59289fee1ff3.achievement.json,f916921b-6061-4bf5-b861-59289fee1ff3,1.62276E+12
5693,d245b1e3-4504-48bb-bb8c-0571b4c3e4da.binning_data.json,2910507,10000,118,15:21.2,com.sec.android.app.shealth,35:05.9,d245b1e3-4504-48bb-bb8c-0571b4c3e4da.source_info.json,1.4534682,4230.3306,194.30997,5575,VfS0qUERdZ,com.sec.android.app.shealth,0,d245b1e3-4504-48bb-bb8c-0571b4c3e4da.achievement.json,d245b1e3-4504-48bb-bb8c-0571b4c3e4da,1.62259E+12
409,20416c01-bfa2-4923-89cb-da96e1832575.binning_data.json,238278,10000,0,00:00.5,com.sec.android.app.shealth,00:00.5,,1.2346041,294.18,13.85,409,EIy+BrLOSY,com.sec.android.app.shealth,0,20416c01-bfa2-4923-89cb-da96e1832575.achievement.json,20416c01-bfa2-4923-89cb-da96e1832575,1.62268E+12
5693,47ae31c5-2cd0-4ed7-adcb-dea3201ef7af.binning_data.json,2910507,10000,118,07:43.7,com.sec.android.app.shealth,07:43.7,,1.4534682,4230.3306,194.30997,5575,EIy+BrLOSY,com.sec.android.app.shealth,0,47ae31c5-2cd0-4ed7-adcb-dea3201ef7af.achievement.json,47ae31c5-2cd0-4ed7-adcb-dea3201ef7af,1.62259E+12
6835,cdb5e8a1-4ad2-4fa3-bf31-d635e7c18949.binning_data.json,3368036,10000,35,17:34.4,com.sec.android.app.shealth,17:34.4,,1.450863,4886.5605,221.32993,6800,EIy+BrLOSY,com.sec.android.app.shealth,0,cdb5e8a1-4ad2-4fa3-bf31-d635e7c18949.achievement.json,cdb5e8a1-4ad2-4fa3-bf31-d635e7c18949,1.62302E+12
409,9eb4f6e7-7965-4c7a-8de3-d9a61130d1f6.binning_data.json,238278,10000,0,46:17.9,com.sec.android.app.shealth,53:59.0,9eb4f6e7-7965-4c7a-8de3-d9a61130d1f6.source_info.json,1.2346041,294.18,13.85,409,VfS0qUERdZ,com.sec.android.app.shealth,0,9eb4f6e7-7965-4c7a-8de3-d9a61130d1f6.achievement.json,9eb4f6e7-7965-4c7a-8de3-d9a61130d1f6,1.62268E+12
2063,59098f10-6f0e-404a-8dcd-095a16c31c43.binning_data.json,995152,10000,0,00:01.1,com.sec.android.app.shealth,00:01.1,,1.4622879,1455.2001,67.939964,2063,EIy+BrLOSY,com.sec.android.app.shealth,0,59098f10-6f0e-404a-8dcd-095a16c31c43.achievement.json,59098f10-6f0e-404a-8dcd-095a16c31c43,1.62294E+12
6072,f77a4367-c1ba-4348-9066-4723fa32ef1e.binning_data.json,3014779,10000,59,14:25.1,com.sec.android.app.shealth,14:25.1,,1.4375381,4333.8604,200.06996,6013,EIy+BrLOSY,com.sec.android.app.shealth,0,f77a4367-c1ba-4348-9066-4723fa32ef1e.achievement.json,f77a4367-c1ba-4348-9066-4723fa32ef1e,1.62285E+12
6835,eb998fa8-1ee4-40ab-8323-bd49b5eb94a6.binning_data.json,3368036,10000,35,22:27.2,com.sec.android.app.shealth,02:39.9,eb998fa8-1ee4-40ab-8323-bd49b5eb94a6.source_info.json,1.450863,4886.5605,221.32993,6800,VfS0qUERdZ,com.sec.android.app.shealth,0,eb998fa8-1ee4-40ab-8323-bd49b5eb94a6.achievement.json,eb998fa8-1ee4-40ab-8323-bd49b5eb94a6,1.62302E+12
6072,384f6db8-aa29-4370-8ecb-7169ba9fc6e6.binning_data.json,3014779,10000,59,15:28.7,com.sec.android.app.shealth,55:52.9,384f6db8-aa29-4370-8ecb-7169ba9fc6e6.source_info.json,1.4375381,4333.8604,200.06996,6013,VfS0qUERdZ,com.sec.android.app.shealth,0,384f6db8-aa29-4370-8ecb-7169ba9fc6e6.achievement.json,384f6db8-aa29-4370-8ecb-7169ba9fc6e6,1.62285E+12
2495,b14701a5-43d6-4c0c-9df9-20f24a100925.binning_data.json,1241177,10000,136,00:00.8,com.sec.android.app.shealth,00:00.8,,1.4818507,1839.2401,88.05999,2359,EIy+BrLOSY,com.sec.android.app.shealth,0,b14701a5-43d6-4c0c-9df9-20f24a100925.achievement.json,b14701a5-43d6-4c0c-9df9-20f24a100925,1.62328E+12
1445,72ffefe8-2dd0-4c78-9c21-f8c92ae06340.binning_data.json,700692,10000,101,00:01.3,com.sec.android.app.shealth,00:01.3,,1.5649811,1096.57,51.73,1344,EIy+BrLOSY,com.sec.android.app.shealth,0,72ffefe8-2dd0-4c78-9c21-f8c92ae06340.achievement.json,72ffefe8-2dd0-4c78-9c21-f8c92ae06340,1.6232E+12
3009,a676465b-8fa0-4a6c-b701-a27dc1b32624.binning_data.json,1569173,10000,6,00:01.7,com.sec.android.app.shealth,00:01.7,,1.3677387,2146.22,98.97999,3003,EIy+BrLOSY,com.sec.android.app.shealth,0,a676465b-8fa0-4a6c-b701-a27dc1b32624.achievement.json,a676465b-8fa0-4a6c-b701-a27dc1b32624,1.62311E+12
1552,44d5b462-ff93-4d1e-b372-2331d21844c9.binning_data.json,781938,10000,1,00:01.4,com.sec.android.app.shealth,00:01.4,,1.4162111,1107.39,52.73,1551,EIy+BrLOSY,com.sec.android.app.shealth,0,44d5b462-ff93-4d1e-b372-2331d21844c9.achievement.json,44d5b462-ff93-4d1e-b372-2331d21844c9,1.62354E+12
3009,fd37eaa0-fdc1-4d24-8812-62fa2f5d69a8.binning_data.json,1569173,10000,6,29:00.7,com.sec.android.app.shealth,24:48.5,fd37eaa0-fdc1-4d24-8812-62fa2f5d69a8.source_info.json,1.3677387,2146.22,98.97999,3003,VfS0qUERdZ,com.sec.android.app.shealth,0,fd37eaa0-fdc1-4d24-8812-62fa2f5d69a8.achievement.json,fd37eaa0-fdc1-4d24-8812-62fa2f5d69a8,1.62311E+12
1618,5eed886f-41cd-4ee3-b51c-90c4e191c7de.binning_data.json,901782,10000,0,00:01.4,com.sec.android.app.shealth,00:01.4,,1.2666905,1142.28,53.789997,1618,EIy+BrLOSY,com.sec.android.app.shealth,0,5eed886f-41cd-4ee3-b51c-90c4e191c7de.achievement.json,5eed886f-41cd-4ee3-b51c-90c4e191c7de,1.62346E+12
3980,87cd3ece-2793-4ad1-8357-9c20c0106e73.binning_data.json,2016494,10000,79,00:00.6,com.sec.android.app.shealth,00:00.6,,1.4320444,2887.7102,132.44997,3901,EIy+BrLOSY,com.sec.android.app.shealth,0,87cd3ece-2793-4ad1-8357-9c20c0106e73.achievement.json,87cd3ece-2793-4ad1-8357-9c20c0106e73,1.62337E+12
2063,eaa75249-4da7-42c5-b05e-8a1bbab013a5.binning_data.json,995152,10000,0,48:28.6,com.sec.android.app.shealth,59:43.2,eaa75249-4da7-42c5-b05e-8a1bbab013a5.source_info.json,1.4622879,1455.2001,67.939964,2063,VfS0qUERdZ,com.sec.android.app.shealth,0,eaa75249-4da7-42c5-b05e-8a1bbab013a5.achievement.json,eaa75249-4da7-42c5-b05e-8a1bbab013a5,1.62294E+12
4654,72a21547-4906-486d-ae98-cda05040af6d.binning_data.json,2322759,10000,71,58:32.1,com.sec.android.app.shealth,58:32.1,,1.4575078,3385.44,154.95,4583,EIy+BrLOSY,com.sec.android.app.shealth,0,72a21547-4906-486d-ae98-cda05040af6d.achievement.json,72a21547-4906-486d-ae98-cda05040af6d,1.6238E+12
2495,e051a560-3408-4ec7-b3a4-8eb36883d67f.binning_data.json,1241177,10000,136,51:21.2,com.sec.android.app.shealth,33:18.6,e051a560-3408-4ec7-b3a4-8eb36883d67f.source_info.json,1.4818507,1839.2401,88.05999,2359,VfS0qUERdZ,com.sec.android.app.shealth,0,e051a560-3408-4ec7-b3a4-8eb36883d67f.achievement.json,e051a560-3408-4ec7-b3a4-8eb36883d67f,1.62328E+12
4536,4dd55c46-bf68-4d34-9ac5-b6ec36104c00.binning_data.json,2260086,10000,9,00:01.2,com.sec.android.app.shealth,00:01.2,,1.4489796,3274.82,144.56998,4527,EIy+BrLOSY,com.sec.android.app.shealth,0,4dd55c46-bf68-4d34-9ac5-b6ec36104c00.achievement.json,4dd55c46-bf68-4d34-9ac5-b6ec36104c00,1.62372E+12
1431,a7cef85f-e388-4303-862f-18dd28b1636e.binning_data.json,817309,10000,0,00:01.1,com.sec.android.app.shealth,00:01.1,,1.254237,1025.1,46.739998,1431,EIy+BrLOSY,com.sec.android.app.shealth,0,a7cef85f-e388-4303-862f-18dd28b1636e.achievement.json,a7cef85f-e388-4303-862f-18dd28b1636e,1.62363E+12
3980,0a34878f-f94d-4fa8-8bab-4b7894e78a4f.binning_data.json,2016494,10000,79,23:01.8,com.sec.android.app.shealth,02:25.0,0a34878f-f94d-4fa8-8bab-4b7894e78a4f.source_info.json,1.4320444,2887.7102,132.44997,3901,VfS0qUERdZ,com.sec.android.app.shealth,0,0a34878f-f94d-4fa8-8bab-4b7894e78a4f.achievement.json,0a34878f-f94d-4fa8-8bab-4b7894e78a4f,1.62337E+12
1336,6b423074-c3e5-4a46-8bec-496d38c9159a.binning_data.json,726965,10000,0,18:38.2,com.sec.android.app.shealth,18:38.2,,1.3296503,966.61,42.739998,1336,EIy+BrLOSY,com.sec.android.app.shealth,0,6b423074-c3e5-4a46-8bec-496d38c9159a.achievement.json,6b423074-c3e5-4a46-8bec-496d38c9159a,1.62406E+12
3901,35940dd9-db7e-4396-927e-270adc872edd.binning_data.json,2079781,10000,1,00:01.5,com.sec.android.app.shealth,00:01.5,,1.3568447,2821.94,123.87998,3900,EIy+BrLOSY,com.sec.android.app.shealth,0,35940dd9-db7e-4396-927e-270adc872edd.achievement.json,35940dd9-db7e-4396-927e-270adc872edd,1.62397E+12
1445,dcc580b6-1c17-45ba-bc2d-f51749fd8f3e.binning_data.json,700692,10000,101,35:03.2,com.sec.android.app.shealth,01:27.2,dcc580b6-1c17-45ba-bc2d-f51749fd8f3e.source_info.json,1.5649811,1096.57,51.73,1344,VfS0qUERdZ,com.sec.android.app.shealth,0,dcc580b6-1c17-45ba-bc2d-f51749fd8f3e.achievement.json,dcc580b6-1c17-45ba-bc2d-f51749fd8f3e,1.6232E+12
3925,ec2a2a83-b21d-408b-b13a-2b6d32f06fb1.binning_data.json,2064904,10000,26,30:18.9,com.sec.android.app.shealth,30:18.9,,1.3803256,2850.24,125.42999,3899,EIy+BrLOSY,com.sec.android.app.shealth,0,ec2a2a83-b21d-408b-b13a-2b6d32f06fb1.achievement.json,ec2a2a83-b21d-408b-b13a-2b6d32f06fb1,1.62389E+12
1552,1845723d-a52f-42c7-8d06-7dd2981460c4.binning_data.json,781938,10000,1,57:31.5,com.sec.android.app.shealth,02:41.4,1845723d-a52f-42c7-8d06-7dd2981460c4.source_info.json,1.4162111,1107.39,52.73,1551,VfS0qUERdZ,com.sec.android.app.shealth,0,1845723d-a52f-42c7-8d06-7dd2981460c4.achievement.json,1845723d-a52f-42c7-8d06-7dd2981460c4,1.62354E+12
1431,412a119b-5e65-4a37-b553-d49bc5ce0c72.binning_data.json,817309,10000,0,28:56.9,com.sec.android.app.shealth,47:25.7,412a119b-5e65-4a37-b553-d49bc5ce0c72.source_info.json,1.254237,1025.1,46.739998,1431,VfS0qUERdZ,com.sec.android.app.shealth,0,412a119b-5e65-4a37-b553-d49bc5ce0c72.achievement.json,412a119b-5e65-4a37-b553-d49bc5ce0c72,1.62363E+12
6858,d5ad780d-40cb-4b39-a7fd-6c3a06adc13d.binning_data.json,3511044,10000,5,00:01.3,com.sec.android.app.shealth,00:01.3,,1.4078916,4943.1704,217.89998,6853,EIy+BrLOSY,com.sec.android.app.shealth,0,d5ad780d-40cb-4b39-a7fd-6c3a06adc13d.achievement.json,d5ad780d-40cb-4b39-a7fd-6c3a06adc13d,1.62432E+12
4013,38a27735-6d2c-4628-b612-6bd237a33f15.binning_data.json,2107847,10000,0,01:11.9,com.sec.android.app.shealth,00:01.4,,1.3591399,2864.86,132.93999,4013,EIy+BrLOSY,com.sec.android.app.shealth,0,38a27735-6d2c-4628-b612-6bd237a33f15.achievement.json,38a27735-6d2c-4628-b612-6bd237a33f15,1.62423E+12
1955,082a111e-f655-49da-9b46-a5fcfe90fe6a.binning_data.json,1037095,10000,0,00:01.3,com.sec.android.app.shealth,00:01.3,,1.3714068,1422.28,61.739998,1955,EIy+BrLOSY,com.sec.android.app.shealth,0,082a111e-f655-49da-9b46-a5fcfe90fe6a.achievement.json,082a111e-f655-49da-9b46-a5fcfe90fe6a,1.62415E+12
474,d2135dc1-454d-4635-a7c6-891e1a42fb51.binning_data.json,264794,10000,0,00:01.4,com.sec.android.app.shealth,00:01.4,,1.2977588,343.63998,15.629999,474,EIy+BrLOSY,com.sec.android.app.shealth,0,d2135dc1-454d-4635-a7c6-891e1a42fb51.achievement.json,d2135dc1-454d-4635-a7c6-891e1a42fb51,1.62458E+12
3230,19901078-234e-43ec-a4fa-1bc698ffbb52.binning_data.json,1671853,10000,31,00:02.7,com.sec.android.app.shealth,00:02.7,,1.3992671,2339.37,104.569984,3199,EIy+BrLOSY,com.sec.android.app.shealth,0,19901078-234e-43ec-a4fa-1bc698ffbb52.achievement.json,19901078-234e-43ec-a4fa-1bc698ffbb52,1.62449E+12
9094,86b50090-5676-4a63-aeb3-d57cf361ab77.binning_data.json,4375352,10000,433,00:01.5,com.sec.android.app.shealth,00:01.5,,1.5491369,6778.02,314.73996,8661,EIy+BrLOSY,com.sec.android.app.shealth,0,86b50090-5676-4a63-aeb3-d57cf361ab77.achievement.json,86b50090-5676-4a63-aeb3-d57cf361ab77,1.62441E+12
1618,e6821c02-58e1-4504-9760-94cfe7981f02.binning_data.json,901782,10000,0,07:25.6,com.sec.android.app.shealth,05:30.0,e6821c02-58e1-4504-9760-94cfe7981f02.source_info.json,1.2666905,1142.28,53.789997,1618,VfS0qUERdZ,com.sec.android.app.shealth,0,e6821c02-58e1-4504-9760-94cfe7981f02.achievement.json,e6821c02-58e1-4504-9760-94cfe7981f02,1.62346E+12
3925,729387ca-fd0e-4a5a-9d63-5690514fd822.binning_data.json,2064904,10000,26,39:06.6,com.sec.android.app.shealth,31:59.6,729387ca-fd0e-4a5a-9d63-5690514fd822.source_info.json,1.3803256,2850.24,125.42999,3899,VfS0qUERdZ,com.sec.android.app.shealth,0,729387ca-fd0e-4a5a-9d63-5690514fd822.achievement.json,729387ca-fd0e-4a5a-9d63-5690514fd822,1.62389E+12
4654,e1015733-fea1-43fa-8665-0d34e3d031b0.binning_data.json,2322759,10000,71,07:59.2,com.sec.android.app.shealth,05:41.9,e1015733-fea1-43fa-8665-0d34e3d031b0.source_info.json,1.4575078,3385.44,154.95,4583,VfS0qUERdZ,com.sec.android.app.shealth,0,e1015733-fea1-43fa-8665-0d34e3d031b0.achievement.json,e1015733-fea1-43fa-8665-0d34e3d031b0,1.6238E+12
4536,80bfbacf-2224-4ff5-9f20-e31d8820cadd.binning_data.json,2260086,10000,9,52:18.7,com.sec.android.app.shealth,47:58.9,80bfbacf-2224-4ff5-9f20-e31d8820cadd.source_info.json,1.4489796,3274.82,144.56998,4527,VfS0qUERdZ,com.sec.android.app.shealth,0,80bfbacf-2224-4ff5-9f20-e31d8820cadd.achievement.json,80bfbacf-2224-4ff5-9f20-e31d8820cadd,1.62372E+12
1955,3e5b9009-0775-4ed7-9b9e-7cb667191389.binning_data.json,1037095,10000,0,16:58.1,com.sec.android.app.shealth,41:40.9,3e5b9009-0775-4ed7-9b9e-7cb667191389.source_info.json,1.3714068,1422.28,61.739998,1955,VfS0qUERdZ,com.sec.android.app.shealth,0,3e5b9009-0775-4ed7-9b9e-7cb667191389.achievement.json,3e5b9009-0775-4ed7-9b9e-7cb667191389,1.62415E+12
4569,e72b6152-2a4c-4651-8ca0-a21208b59b9b.binning_data.json,2209159,10000,44,00:01.0,com.sec.android.app.shealth,00:01.0,,1.5211623,3360.49,146.71,4525,EIy+BrLOSY,com.sec.android.app.shealth,0,e72b6152-2a4c-4651-8ca0-a21208b59b9b.achievement.json,e72b6152-2a4c-4651-8ca0-a21208b59b9b,1.62484E+12
1336,07fcdd68-52b6-4015-bd0e-c8b07d932662.binning_data.json,726965,10000,0,06:28.4,com.sec.android.app.shealth,19:29.0,07fcdd68-52b6-4015-bd0e-c8b07d932662.source_info.json,1.3296503,966.61,42.739998,1336,VfS0qUERdZ,com.sec.android.app.shealth,0,07fcdd68-52b6-4015-bd0e-c8b07d932662.achievement.json,07fcdd68-52b6-4015-bd0e-c8b07d932662,1.62406E+12
2745,ed2f5f8c-950e-4c18-a639-cbe09a9654a2.binning_data.json,1431746,10000,41,00:01.3,com.sec.android.app.shealth,00:01.3,,1.409111,2017.49,89.89,2704,EIy+BrLOSY,com.sec.android.app.shealth,0,ed2f5f8c-950e-4c18-a639-cbe09a9654a2.achievement.json,ed2f5f8c-950e-4c18-a639-cbe09a9654a2,1.62475E+12
3110,e503217e-c253-4d0f-aac7-908b874aa4ab.binning_data.json,1611350,10000,22,00:02.3,com.sec.android.app.shealth,00:02.3,,1.3933468,2245.17,103.49998,3088,EIy+BrLOSY,com.sec.android.app.shealth,0,e503217e-c253-4d0f-aac7-908b874aa4ab.achievement.json,e503217e-c253-4d0f-aac7-908b874aa4ab,1.62467E+12
1569,894c3368-721c-49d6-9559-72df04f08822.binning_data.json,793077,10000,0,30:11.3,com.sec.android.app.shealth,30:11.3,,1.434778,1137.89,49.139996,1569,EIy+BrLOSY,com.sec.android.app.shealth,0,894c3368-721c-49d6-9559-72df04f08822.achievement.json,894c3368-721c-49d6-9559-72df04f08822,1.6251E+12
9094,3b636140-d842-4edb-b489-64e3e86f5848.binning_data.json,4375352,10000,433,32:39.1,com.sec.android.app.shealth,02:56.5,3b636140-d842-4edb-b489-64e3e86f5848.source_info.json,1.5491369,6778.02,314.73996,8661,VfS0qUERdZ,com.sec.android.app.shealth,0,3b636140-d842-4edb-b489-64e3e86f5848.achievement.json,3b636140-d842-4edb-b489-64e3e86f5848,1.62441E+12
3901,a455cefa-4a3c-4a19-a435-02c524b3de2c.binning_data.json,2079781,10000,1,11:13.4,com.sec.android.app.shealth,11:21.5,a455cefa-4a3c-4a19-a435-02c524b3de2c.source_info.json,1.3568447,2821.94,123.87998,3900,VfS0qUERdZ,com.sec.android.app.shealth,0,a455cefa-4a3c-4a19-a435-02c524b3de2c.achievement.json,a455cefa-4a3c-4a19-a435-02c524b3de2c,1.62397E+12
6858,b9563deb-c77d-4d4b-9703-01f1e6cd8938.binning_data.json,3511044,10000,5,24:19.0,com.sec.android.app.shealth,19:43.4,b9563deb-c77d-4d4b-9703-01f1e6cd8938.source_info.json,1.4078916,4943.1704,217.89998,6853,VfS0qUERdZ,com.sec.android.app.shealth,0,b9563deb-c77d-4d4b-9703-01f1e6cd8938.achievement.json,b9563deb-c77d-4d4b-9703-01f1e6cd8938,1.62432E+12
9416,68337579-b55f-49aa-bf61-f9ddebab6b6f.binning_data.json,4814839,10000,54,00:02.3,com.sec.android.app.shealth,00:02.3,,1.4122547,6799.7803,301.04996,9362,EIy+BrLOSY,com.sec.android.app.shealth,0,68337579-b55f-49aa-bf61-f9ddebab6b6f.achievement.json,68337579-b55f-49aa-bf61-f9ddebab6b6f,1.62501E+12
5640,dcf0a596-216f-4b49-88b7-54482b5212c4.binning_data.json,2905246,10000,113,00:01.3,com.sec.android.app.shealth,00:01.3,,1.4228704,4133.79,182.12999,5527,EIy+BrLOSY,com.sec.android.app.shealth,0,dcf0a596-216f-4b49-88b7-54482b5212c4.achievement.json,dcf0a596-216f-4b49-88b7-54482b5212c4,1.62536E+12
5938,0201ef0f-4ff8-426e-a1ae-54c431410178.binning_data.json,2873075,10000,192,00:01.4,com.sec.android.app.shealth,00:01.4,,1.5330507,4404.5703,196.38997,5746,EIy+BrLOSY,com.sec.android.app.shealth,0,0201ef0f-4ff8-426e-a1ae-54c431410178.achievement.json,0201ef0f-4ff8-426e-a1ae-54c431410178,1.62492E+12
4073,83a8db96-1555-4c15-8e65-4555dbb1380b.binning_data.json,2167547,10000,14,00:01.5,com.sec.android.app.shealth,00:01.5,,1.3328289,2888.97,135.4,4059,EIy+BrLOSY,com.sec.android.app.shealth,0,83a8db96-1555-4c15-8e65-4555dbb1380b.achievement.json,83a8db96-1555-4c15-8e65-4555dbb1380b,1.62527E+12
3188,def2ec78-3fab-4f1a-8d66-15ccc0e756ba.binning_data.json,1688890,10000,211,00:01.5,com.sec.android.app.shealth,00:01.5,,1.427547,2410.97,112.979996,2977,EIy+BrLOSY,com.sec.android.app.shealth,0,def2ec78-3fab-4f1a-8d66-15ccc0e756ba.achievement.json,def2ec78-3fab-4f1a-8d66-15ccc0e756ba,1.62562E+12
3110,939edc66-8953-47c9-bdd3-087156a8b31c.binning_data.json,1611350,10000,22,51:07.7,com.sec.android.app.shealth,51:42.7,939edc66-8953-47c9-bdd3-087156a8b31c.source_info.json,1.3933468,2245.17,103.49998,3088,VfS0qUERdZ,com.sec.android.app.shealth,0,939edc66-8953-47c9-bdd3-087156a8b31c.achievement.json,939edc66-8953-47c9-bdd3-087156a8b31c,1.62467E+12
474,ec2d714d-981b-42ce-9791-92fac6333b32.binning_data.json,264794,10000,0,00:27.7,com.sec.android.app.shealth,15:37.0,ec2d714d-981b-42ce-9791-92fac6333b32.source_info.json,1.2977588,343.63998,15.629999,474,VfS0qUERdZ,com.sec.android.app.shealth,0,ec2d714d-981b-42ce-9791-92fac6333b32.achievement.json,ec2d714d-981b-42ce-9791-92fac6333b32,1.62458E+12
4013,1e353093-f17b-44b3-9f59-543973d59ac7.binning_data.json,2107847,10000,0,00:02.1,com.sec.android.app.shealth,47:45.5,1e353093-f17b-44b3-9f59-543973d59ac7.source_info.json,1.3591399,2864.86,132.93999,4013,VfS0qUERdZ,com.sec.android.app.shealth,0,1e353093-f17b-44b3-9f59-543973d59ac7.achievement.json,1e353093-f17b-44b3-9f59-543973d59ac7,1.62423E+12
7746,51bd5427-cb1d-4c7e-ae30-32479597c82c.binning_data.json,3722610,10000,301,00:01.6,com.sec.android.app.shealth,00:01.6,,1.5473013,5760,260.79,7445,EIy+BrLOSY,com.sec.android.app.shealth,0,51bd5427-cb1d-4c7e-ae30-32479597c82c.achievement.json,51bd5427-cb1d-4c7e-ae30-32479597c82c,1.62518E+12
921,2949bafe-2b2d-4f5d-a72e-017b7a7c0ab6.binning_data.json,480034,10000,77,00:01.3,com.sec.android.app.shealth,00:01.3,,1.4377307,690.16003,34.429996,844,EIy+BrLOSY,com.sec.android.app.shealth,0,2949bafe-2b2d-4f5d-a72e-017b7a7c0ab6.achievement.json,2949bafe-2b2d-4f5d-a72e-017b7a7c0ab6,1.62553E+12
3129,f72a29d8-ba69-4ff2-9b28-78cba6c6a409.binning_data.json,1551066,10000,21,00:01.2,com.sec.android.app.shealth,00:01.2,,1.4507949,2250.28,100.41,3108,EIy+BrLOSY,com.sec.android.app.shealth,0,f72a29d8-ba69-4ff2-9b28-78cba6c6a409.achievement.json,f72a29d8-ba69-4ff2-9b28-78cba6c6a409,1.62579E+12
5938,cfa309fe-1556-4d34-8523-16ac491306b9.binning_data.json,2873075,10000,192,33:50.3,com.sec.android.app.shealth,21:49.3,cfa309fe-1556-4d34-8523-16ac491306b9.source_info.json,1.5330507,4404.5703,196.38997,5746,VfS0qUERdZ,com.sec.android.app.shealth,0,cfa309fe-1556-4d34-8523-16ac491306b9.achievement.json,cfa309fe-1556-4d34-8523-16ac491306b9,1.62492E+12
3230,5cfabbb3-6c8f-47b7-92f5-61ab13dff896.binning_data.json,1671853,10000,31,51:26.2,com.sec.android.app.shealth,23:04.2,5cfabbb3-6c8f-47b7-92f5-61ab13dff896.source_info.json,1.3992671,2339.37,104.569984,3199,VfS0qUERdZ,com.sec.android.app.shealth,0,5cfabbb3-6c8f-47b7-92f5-61ab13dff896.achievement.json,5cfabbb3-6c8f-47b7-92f5-61ab13dff896,1.62449E+12
182,17f884b7-d8c0-4ec1-9b52-a4b2d2a536ab.binning_data.json,109470,10000,0,00:02.4,com.sec.android.app.shealth,00:02.4,,1.1744671,128.57,6.0499997,182,EIy+BrLOSY,com.sec.android.app.shealth,0,17f884b7-d8c0-4ec1-9b52-a4b2d2a536ab.achievement.json,17f884b7-d8c0-4ec1-9b52-a4b2d2a536ab,1.62588E+12
1219,a74dc401-97d2-4d8a-8665-3c0a7938d997.binning_data.json,632508,10000,17,00:01.1,com.sec.android.app.shealth,00:01.1,,1.4242492,900.85,40.579994,1202,EIy+BrLOSY,com.sec.android.app.shealth,0,a74dc401-97d2-4d8a-8665-3c0a7938d997.achievement.json,a74dc401-97d2-4d8a-8665-3c0a7938d997,1.62605E+12
330,18208644-3dad-4013-af91-9cc916348142.binning_data.json,193941,10000,0,00:01.2,com.sec.android.app.shealth,00:01.2,,1.2364057,239.79001,11.4,330,EIy+BrLOSY,com.sec.android.app.shealth,0,18208644-3dad-4013-af91-9cc916348142.achievement.json,18208644-3dad-4013-af91-9cc916348142,1.62544E+12
5569,420e9169-0def-48c9-bf1c-9234c499b5c3.binning_data.json,2755234,10000,72,00:01.5,com.sec.android.app.shealth,00:01.5,,1.5028083,4140.59,177.41,5497,EIy+BrLOSY,com.sec.android.app.shealth,0,420e9169-0def-48c9-bf1c-9234c499b5c3.achievement.json,420e9169-0def-48c9-bf1c-9234c499b5c3,1.62613E+12
4569,12333747-fab6-4e06-b7da-66eb8fbfea30.binning_data.json,2209159,10000,44,55:24.2,com.sec.android.app.shealth,35:49.3,12333747-fab6-4e06-b7da-66eb8fbfea30.source_info.json,1.5211623,3360.49,146.71,4525,VfS0qUERdZ,com.sec.android.app.shealth,0,12333747-fab6-4e06-b7da-66eb8fbfea30.achievement.json,12333747-fab6-4e06-b7da-66eb8fbfea30,1.62484E+12
7746,be7e220b-ca55-4d13-a74f-89ce575e4aad.binning_data.json,3722610,10000,301,51:38.7,com.sec.android.app.shealth,50:08.6,be7e220b-ca55-4d13-a74f-89ce575e4aad.source_info.json,1.5473013,5760,260.79,7445,VfS0qUERdZ,com.sec.android.app.shealth,0,be7e220b-ca55-4d13-a74f-89ce575e4aad.achievement.json,be7e220b-ca55-4d13-a74f-89ce575e4aad,1.62518E+12
2745,6d1955da-c704-4295-a474-75913d7bd86c.binning_data.json,1431746,10000,41,54:41.7,com.sec.android.app.shealth,36:07.6,6d1955da-c704-4295-a474-75913d7bd86c.source_info.json,1.409111,2017.49,89.89,2704,VfS0qUERdZ,com.sec.android.app.shealth,0,6d1955da-c704-4295-a474-75913d7bd86c.achievement.json,6d1955da-c704-4295-a474-75913d7bd86c,1.62475E+12
3799,aaa53085-8408-4848-9ef2-4177b2298a50.binning_data.json,1956683,10000,63,00:01.2,com.sec.android.app.shealth,00:01.2,,1.4232196,2784.79,121.05999,3736,EIy+BrLOSY,com.sec.android.app.shealth,0,aaa53085-8408-4848-9ef2-4177b2298a50.achievement.json,aaa53085-8408-4848-9ef2-4177b2298a50,1.6257E+12
349,1f2eb938-d85b-46be-b7af-003a9b89b9cd.binning_data.json,199022,10000,0,00:02.5,com.sec.android.app.shealth,00:02.5,,1.2614123,251.05,11.57,349,EIy+BrLOSY,com.sec.android.app.shealth,0,1f2eb938-d85b-46be-b7af-003a9b89b9cd.achievement.json,1f2eb938-d85b-46be-b7af-003a9b89b9cd,1.62639E+12
312,7f53cc07-1a9a-4d06-96fb-b94a881a3a16.binning_data.json,170572,10000,0,35:25.7,com.sec.android.app.shealth,01:18.3,7f53cc07-1a9a-4d06-96fb-b94a881a3a16.source_info.json,1.3251227,226.03001,10.289999,312,VfS0qUERdZ,com.sec.android.app.shealth,0,7f53cc07-1a9a-4d06-96fb-b94a881a3a16.achievement.json,7f53cc07-1a9a-4d06-96fb-b94a881a3a16,1.62631E+12
1569,64f9afc8-98d6-44b5-868a-d9f6c13a360a.binning_data.json,793077,10000,0,35:01.7,com.sec.android.app.shealth,52:52.2,64f9afc8-98d6-44b5-868a-d9f6c13a360a.source_info.json,1.434778,1137.89,49.139996,1569,VfS0qUERdZ,com.sec.android.app.shealth,0,64f9afc8-98d6-44b5-868a-d9f6c13a360a.achievement.json,64f9afc8-98d6-44b5-868a-d9f6c13a360a,1.6251E+12
4352,c38c97c6-99bb-4dc2-969f-c124a03ac9f6.binning_data.json,2136041,10000,85,00:45.3,com.sec.android.app.shealth,00:45.3,,1.5044931,3213.6602,144.12,4267,EIy+BrLOSY,com.sec.android.app.shealth,0,c38c97c6-99bb-4dc2-969f-c124a03ac9f6.achievement.json,c38c97c6-99bb-4dc2-969f-c124a03ac9f6,1.62596E+12
1459,b3e6d9fa-ea84-44bb-992f-6ba1c87c9220.binning_data.json,704430,10000,16,00:01.2,com.sec.android.app.shealth,00:01.2,,1.488691,1048.6799,46.16,1443,EIy+BrLOSY,com.sec.android.app.shealth,0,b3e6d9fa-ea84-44bb-992f-6ba1c87c9220.achievement.json,b3e6d9fa-ea84-44bb-992f-6ba1c87c9220,1.62657E+12
9416,82ee63d0-13e9-46f4-9ea8-35d4ad15e7cf.binning_data.json,4814839,10000,54,08:41.3,com.sec.android.app.shealth,06:05.6,82ee63d0-13e9-46f4-9ea8-35d4ad15e7cf.source_info.json,1.4122547,6799.7803,301.04996,9362,VfS0qUERdZ,com.sec.android.app.shealth,0,82ee63d0-13e9-46f4-9ea8-35d4ad15e7cf.achievement.json,82ee63d0-13e9-46f4-9ea8-35d4ad15e7cf,1.62501E+12
330,db05c208-a914-425f-814e-a770e91b48f2.binning_data.json,193941,10000,0,13:49.0,com.sec.android.app.shealth,12:07.9,db05c208-a914-425f-814e-a770e91b48f2.source_info.json,1.2364057,239.79001,11.4,330,VfS0qUERdZ,com.sec.android.app.shealth,0,db05c208-a914-425f-814e-a770e91b48f2.achievement.json,db05c208-a914-425f-814e-a770e91b48f2,1.62544E+12
3805,8dd40413-453f-49c1-89f5-a6832db6a752.binning_data.json,1787467,10000,10,00:01.4,com.sec.android.app.shealth,00:01.4,,1.5476031,2766.2896,122.73998,3795,EIy+BrLOSY,com.sec.android.app.shealth,0,8dd40413-453f-49c1-89f5-a6832db6a752.achievement.json,8dd40413-453f-49c1-89f5-a6832db6a752,1.62665E+12
114,a18ece92-e503-4c71-b1d5-d9cc88753cd2.binning_data.json,64081,10000,0,12:27.0,com.sec.android.app.shealth,12:27.0,,1.2825806,82.189995,3.8,114,EIy+BrLOSY,com.sec.android.app.shealth,0,a18ece92-e503-4c71-b1d5-d9cc88753cd2.achievement.json,a18ece92-e503-4c71-b1d5-d9cc88753cd2,1.62691E+12
5640,f615da64-c759-4e9c-9de5-7aa41e3de9a4.binning_data.json,2905246,10000,113,17:10.5,com.sec.android.app.shealth,48:31.1,f615da64-c759-4e9c-9de5-7aa41e3de9a4.source_info.json,1.4228704,4133.79,182.12999,5527,VfS0qUERdZ,com.sec.android.app.shealth,0,f615da64-c759-4e9c-9de5-7aa41e3de9a4.achievement.json,f615da64-c759-4e9c-9de5-7aa41e3de9a4,1.62536E+12
7925,d4e99f75-f6ed-4d2d-9cce-12fe59546504.binning_data.json,3977682,10000,180,00:02.4,com.sec.android.app.shealth,00:02.4,,1.4833512,5900.3,261.12,7745,EIy+BrLOSY,com.sec.android.app.shealth,0,d4e99f75-f6ed-4d2d-9cce-12fe59546504.achievement.json,d4e99f75-f6ed-4d2d-9cce-12fe59546504,1.62683E+12
312,82d89350-d566-4b09-b80d-a578a148c4b6.binning_data.json,170572,10000,0,00:01.2,com.sec.android.app.shealth,01:18.2,,1.3251227,226.03001,10.289999,312,EIy+BrLOSY,com.sec.android.app.shealth,0,82d89350-d566-4b09-b80d-a578a148c4b6.achievement.json,82d89350-d566-4b09-b80d-a578a148c4b6,1.62631E+12
3799,55a233a3-cad3-4789-a84a-c441d19d7aa6.binning_data.json,1956683,10000,63,47:05.7,com.sec.android.app.shealth,05:05.1,55a233a3-cad3-4789-a84a-c441d19d7aa6.source_info.json,1.4232196,2784.79,121.05999,3736,VfS0qUERdZ,com.sec.android.app.shealth,0,55a233a3-cad3-4789-a84a-c441d19d7aa6.achievement.json,55a233a3-cad3-4789-a84a-c441d19d7aa6,1.6257E+12
3731,2f52274b-387d-4cf8-80e5-299914fc790b.binning_data.json,1992883,10000,16,00:01.3,com.sec.android.app.shealth,00:01.3,,1.350606,2691.6,121.37999,3715,EIy+BrLOSY,com.sec.android.app.shealth,0,2f52274b-387d-4cf8-80e5-299914fc790b.achievement.json,2f52274b-387d-4cf8-80e5-299914fc790b,1.62717E+12
4073,437e4a80-903e-4fe6-ac75-2b71fba695cb.binning_data.json,2167547,10000,14,54:56.6,com.sec.android.app.shealth,49:14.7,437e4a80-903e-4fe6-ac75-2b71fba695cb.source_info.json,1.3328289,2888.97,135.4,4059,VfS0qUERdZ,com.sec.android.app.shealth,0,437e4a80-903e-4fe6-ac75-2b71fba695cb.achievement.json,437e4a80-903e-4fe6-ac75-2b71fba695cb,1.62527E+12
1878,83c86486-b96a-413c-9934-b4397ac079fc.binning_data.json,1019304,10000,0,57:26.6,com.sec.android.app.shealth,57:26.6,,1.3322322,1357.95,59.809998,1878,EIy+BrLOSY,com.sec.android.app.shealth,0,83c86486-b96a-413c-9934-b4397ac079fc.achievement.json,83c86486-b96a-413c-9934-b4397ac079fc,1.62708E+12
3557,b83b3a2f-576a-46fa-bfbd-c868719de445.binning_data.json,1702732,10000,63,00:01.9,com.sec.android.app.shealth,00:01.9,,1.5534619,2645.1301,117.28,3494,EIy+BrLOSY,com.sec.android.app.shealth,0,b83b3a2f-576a-46fa-bfbd-c868719de445.achievement.json,b83b3a2f-576a-46fa-bfbd-c868719de445,1.62648E+12
3188,11ef7707-a82a-4dff-942a-a89c972d103d.binning_data.json,1688890,10000,211,30:48.2,com.sec.android.app.shealth,15:27.1,11ef7707-a82a-4dff-942a-a89c972d103d.source_info.json,1.427547,2410.97,112.979996,2977,VfS0qUERdZ,com.sec.android.app.shealth,0,11ef7707-a82a-4dff-942a-a89c972d103d.achievement.json,11ef7707-a82a-4dff-942a-a89c972d103d,1.62562E+12
8688,d7aeab88-6be1-419d-a62f-62b5114bb0ca.binning_data.json,4392484,10000,63,00:03.4,com.sec.android.app.shealth,00:03.4,,1.4421269,6334.52,283.72998,8625,EIy+BrLOSY,com.sec.android.app.shealth,0,d7aeab88-6be1-419d-a62f-62b5114bb0ca.achievement.json,d7aeab88-6be1-419d-a62f-62b5114bb0ca,1.62743E+12
2998,f11c85ce-4ed6-40b0-9a88-64ef3d6165e7.binning_data.json,1486957,10000,135,10:49.3,com.sec.android.app.shealth,10:49.3,,1.525733,2268.7,103.29,2863,EIy+BrLOSY,com.sec.android.app.shealth,0,f11c85ce-4ed6-40b0-9a88-64ef3d6165e7.achievement.json,f11c85ce-4ed6-40b0-9a88-64ef3d6165e7,1.62674E+12
4352,ac9f482e-4bb7-42ff-8b83-20172b89ff7b.binning_data.json,2136041,10000,85,50:29.7,com.sec.android.app.shealth,58:53.8,ac9f482e-4bb7-42ff-8b83-20172b89ff7b.source_info.json,1.5044931,3213.6602,144.12,4267,VfS0qUERdZ,com.sec.android.app.shealth,0,ac9f482e-4bb7-42ff-8b83-20172b89ff7b.achievement.json,ac9f482e-4bb7-42ff-8b83-20172b89ff7b,1.62596E+12
182,5fee4bbc-603e-4c26-951d-0c7ffa920280.binning_data.json,109470,10000,0,26:24.3,com.sec.android.app.shealth,33:30.0,5fee4bbc-603e-4c26-951d-0c7ffa920280.source_info.json,1.1744671,128.57,6.0499997,182,VfS0qUERdZ,com.sec.android.app.shealth,0,5fee4bbc-603e-4c26-951d-0c7ffa920280.achievement.json,5fee4bbc-603e-4c26-951d-0c7ffa920280,1.62588E+12
1041,dcbaba20-2c7b-44d3-a1ca-2ea020ba8104.binning_data.json,593452,10000,2,00:01.5,com.sec.android.app.shealth,00:01.5,,1.2673806,752.13,34.859997,1039,EIy+BrLOSY,com.sec.android.app.shealth,0,dcbaba20-2c7b-44d3-a1ca-2ea020ba8104.achievement.json,dcbaba20-2c7b-44d3-a1ca-2ea020ba8104,1.62734E+12
921,824734c7-03f8-48f5-9d9f-992805fbd71a.binning_data.json,480034,10000,77,14:23.0,com.sec.android.app.shealth,34:50.0,824734c7-03f8-48f5-9d9f-992805fbd71a.source_info.json,1.4377307,690.16003,34.429996,844,VfS0qUERdZ,com.sec.android.app.shealth,0,824734c7-03f8-48f5-9d9f-992805fbd71a.achievement.json,824734c7-03f8-48f5-9d9f-992805fbd71a,1.62553E+12
4042,ba07a856-69f8-4b10-aba2-1930cb20e4c7.binning_data.json,2076132,10000,11,00:01.3,com.sec.android.app.shealth,00:01.3,,1.4074244,2922,126.81,4031,EIy+BrLOSY,com.sec.android.app.shealth,0,ba07a856-69f8-4b10-aba2-1930cb20e4c7.achievement.json,ba07a856-69f8-4b10-aba2-1930cb20e4c7,1.627E+12
915,8778c8a9-d4de-4136-a7b6-149ef0bb9db2.binning_data.json,467864,10000,15,00:01.4,com.sec.android.app.shealth,00:01.4,,1.4515315,679.12,29.359999,900,EIy+BrLOSY,com.sec.android.app.shealth,0,8778c8a9-d4de-4136-a7b6-149ef0bb9db2.achievement.json,8778c8a9-d4de-4136-a7b6-149ef0bb9db2,1.62769E+12
5220,7263266a-309f-4cb1-9df5-8ae43cb74c7b.binning_data.json,2711730,10000,150,59:42.7,com.sec.android.app.shealth,31:54.4,7263266a-309f-4cb1-9df5-8ae43cb74c7b.source_info.json,1.4190239,3848.01,176.63998,5070,VfS0qUERdZ,com.sec.android.app.shealth,0,7263266a-309f-4cb1-9df5-8ae43cb74c7b.achievement.json,7263266a-309f-4cb1-9df5-8ae43cb74c7b,1.62622E+12
9943,606a8fce-55a0-49a1-8bd4-aaa3f55dafd1.binning_data.json,5122279,10000,202,45:37.7,com.sec.android.app.shealth,45:37.7,,1.4366474,7358.91,322.36996,9741,EIy+BrLOSY,com.sec.android.app.shealth,0,606a8fce-55a0-49a1-8bd4-aaa3f55dafd1.achievement.json,606a8fce-55a0-49a1-8bd4-aaa3f55dafd1,1.6276E+12
5569,07ef6fd1-eeba-408c-986f-c341ec390ca1.binning_data.json,2755234,10000,72,25:01.3,com.sec.android.app.shealth,15:40.2,07ef6fd1-eeba-408c-986f-c341ec390ca1.source_info.json,1.5028083,4140.59,177.41,5497,VfS0qUERdZ,com.sec.android.app.shealth,0,07ef6fd1-eeba-408c-986f-c341ec390ca1.achievement.json,07ef6fd1-eeba-408c-986f-c341ec390ca1,1.62613E+12
5589,4ee89492-c070-45e6-bbb6-d7d7877920e9.binning_data.json,2721273,10000,102,00:01.4,com.sec.android.app.shealth,00:01.4,,1.4976481,4075.51,184.76999,5487,EIy+BrLOSY,com.sec.android.app.shealth,0,4ee89492-c070-45e6-bbb6-d7d7877920e9.achievement.json,4ee89492-c070-45e6-bbb6-d7d7877920e9,1.62726E+12
7619,5c086e15-f104-40a4-af50-f4fb09cce560.binning_data.json,3729017,10000,22,00:14.5,com.sec.android.app.shealth,00:14.5,,1.4580008,5436.9106,243.20993,7597,EIy+BrLOSY,com.sec.android.app.shealth,0,5c086e15-f104-40a4-af50-f4fb09cce560.achievement.json,5c086e15-f104-40a4-af50-f4fb09cce560,1.62795E+12
4072,272f7e29-ad09-4124-9b17-4bf4cd92655a.binning_data.json,2080446,10000,88,40:14.1,com.sec.android.app.shealth,40:14.1,,1.4302361,2975.53,132.73,3984,EIy+BrLOSY,com.sec.android.app.shealth,0,272f7e29-ad09-4124-9b17-4bf4cd92655a.achievement.json,272f7e29-ad09-4124-9b17-4bf4cd92655a,1.62786E+12
3129,b77565c4-b63a-4dcc-9851-283244c19353.binning_data.json,1551066,10000,21,08:06.3,com.sec.android.app.shealth,55:03.3,b77565c4-b63a-4dcc-9851-283244c19353.source_info.json,1.4507949,2250.28,100.41,3108,VfS0qUERdZ,com.sec.android.app.shealth,0,b77565c4-b63a-4dcc-9851-283244c19353.achievement.json,b77565c4-b63a-4dcc-9851-283244c19353,1.62579E+12
3571,a77572fa-7470-4890-b1ea-7da8fc811f1a.binning_data.json,1883264,10000,0,00:01.4,com.sec.android.app.shealth,00:01.4,,1.3442564,2531.59,116.57999,3571,EIy+BrLOSY,com.sec.android.app.shealth,0,a77572fa-7470-4890-b1ea-7da8fc811f1a.achievement.json,a77572fa-7470-4890-b1ea-7da8fc811f1a,1.62752E+12
349,131b9a0d-ed57-47ba-b38f-f0f3ec41b5b7.binning_data.json,199022,10000,0,36:47.8,com.sec.android.app.shealth,43:22.3,131b9a0d-ed57-47ba-b38f-f0f3ec41b5b7.source_info.json,1.2614123,251.05,11.57,349,VfS0qUERdZ,com.sec.android.app.shealth,0,131b9a0d-ed57-47ba-b38f-f0f3ec41b5b7.achievement.json,131b9a0d-ed57-47ba-b38f-f0f3ec41b5b7,1.62639E+12
3449,82c7de39-b23a-44c1-ae15-dbeb58ee0aa3.binning_data.json,1601816,10000,114,00:01.4,com.sec.android.app.shealth,00:01.4,,1.5961881,2556.8,121.89,3335,EIy+BrLOSY,com.sec.android.app.shealth,0,82c7de39-b23a-44c1-ae15-dbeb58ee0aa3.achievement.json,82c7de39-b23a-44c1-ae15-dbeb58ee0aa3,1.62821E+12
2632,d93df141-0083-4324-bcfc-4b355dc9a652.binning_data.json,1359964,10000,17,00:01.6,com.sec.android.app.shealth,00:01.6,,1.4114043,1919.46,85.13,2615,EIy+BrLOSY,com.sec.android.app.shealth,0,d93df141-0083-4324-bcfc-4b355dc9a652.achievement.json,d93df141-0083-4324-bcfc-4b355dc9a652,1.62812E+12
572,caaead3f-320e-4761-bd4d-9308f43acd52.binning_data.json,301769,10000,36,00:01.7,com.sec.android.app.shealth,00:01.7,,1.4370222,433.65,20.72,536,EIy+BrLOSY,com.sec.android.app.shealth,0,caaead3f-320e-4761-bd4d-9308f43acd52.achievement.json,caaead3f-320e-4761-bd4d-9308f43acd52,1.62778E+12
3557,a9e0fe8b-f4bd-442b-b369-0b58a273e5af.binning_data.json,1702732,10000,63,55:58.1,com.sec.android.app.shealth,45:15.5,a9e0fe8b-f4bd-442b-b369-0b58a273e5af.source_info.json,1.5534619,2645.1301,117.28,3494,VfS0qUERdZ,com.sec.android.app.shealth,0,a9e0fe8b-f4bd-442b-b369-0b58a273e5af.achievement.json,a9e0fe8b-f4bd-442b-b369-0b58a273e5af,1.62648E+12
4989,e1ebb153-7d6f-4328-ad3c-6e3f018ea4bb.binning_data.json,2467045,10000,75,00:01.9,com.sec.android.app.shealth,00:01.9,,1.5016541,3704.65,164.81996,4914,EIy+BrLOSY,com.sec.android.app.shealth,0,e1ebb153-7d6f-4328-ad3c-6e3f018ea4bb.achievement.json,e1ebb153-7d6f-4328-ad3c-6e3f018ea4bb,1.62847E+12
1918,50c3a9fa-5556-428f-850f-7feec095662e.binning_data.json,1003516,10000,0,00:01.0,com.sec.android.app.shealth,00:01.0,,1.3805557,1385.41,63.28,1918,EIy+BrLOSY,com.sec.android.app.shealth,0,50c3a9fa-5556-428f-850f-7feec095662e.achievement.json,50c3a9fa-5556-428f-850f-7feec095662e,1.62838E+12
3805,4da3b1e2-6885-4c6e-a2fc-72b68fd337fc.binning_data.json,1787467,10000,10,07:55.2,com.sec.android.app.shealth,12:03.3,4da3b1e2-6885-4c6e-a2fc-72b68fd337fc.source_info.json,1.5476031,2766.2896,122.73998,3795,VfS0qUERdZ,com.sec.android.app.shealth,0,4da3b1e2-6885-4c6e-a2fc-72b68fd337fc.achievement.json,4da3b1e2-6885-4c6e-a2fc-72b68fd337fc,1.62665E+12
1219,aa4afb6e-3c0f-4ba9-9403-ed0bf5c43396.binning_data.json,632508,10000,17,00:02.0,com.sec.android.app.shealth,55:08.2,aa4afb6e-3c0f-4ba9-9403-ed0bf5c43396.source_info.json,1.4242492,900.85,40.579994,1202,VfS0qUERdZ,com.sec.android.app.shealth,0,aa4afb6e-3c0f-4ba9-9403-ed0bf5c43396.achievement.json,aa4afb6e-3c0f-4ba9-9403-ed0bf5c43396,1.62605E+12
2998,07bb2468-556e-4bb4-a06e-d6fb9070b9ba.binning_data.json,1486957,10000,135,05:20.7,com.sec.android.app.shealth,19:36.6,07bb2468-556e-4bb4-a06e-d6fb9070b9ba.source_info.json,1.525733,2268.7,103.29,2863,VfS0qUERdZ,com.sec.android.app.shealth,0,07bb2468-556e-4bb4-a06e-d6fb9070b9ba.achievement.json,07bb2468-556e-4bb4-a06e-d6fb9070b9ba,1.62674E+12
3074,a5a34d55-13c9-4307-8046-d8d197def518.binning_data.json,1622634,10000,75,00:02.8,com.sec.android.app.shealth,00:02.8,,1.4062566,2281.84,103.979996,2999,EIy+BrLOSY,com.sec.android.app.shealth,0,a5a34d55-13c9-4307-8046-d8d197def518.achievement.json,a5a34d55-13c9-4307-8046-d8d197def518,1.62804E+12
8798,1ac001ae-74cd-4fbd-b6e5-821e00417c86.binning_data.json,4496768,10000,287,00:02.2,com.sec.android.app.shealth,00:02.2,,1.4551159,6543.32,296.45996,8511,EIy+BrLOSY,com.sec.android.app.shealth,0,1ac001ae-74cd-4fbd-b6e5-821e00417c86.achievement.json,1ac001ae-74cd-4fbd-b6e5-821e00417c86,1.62864E+12
6188,5ac0c3db-ff12-4bb0-9f98-ab37bf05b076.binning_data.json,3057672,10000,405,49:17.4,com.sec.android.app.shealth,49:17.4,,1.5384347,4704.03,213.81999,5783,EIy+BrLOSY,com.sec.android.app.shealth,0,5ac0c3db-ff12-4bb0-9f98-ab37bf05b076.achievement.json,5ac0c3db-ff12-4bb0-9f98-ab37bf05b076,1.62873E+12
276,fec3d3b5-41f4-4818-9ab2-34da2beaf468.binning_data.json,161798,10000,0,00:00.9,com.sec.android.app.shealth,00:00.9,,1.2154619,196.66,9.13,276,EIy+BrLOSY,com.sec.android.app.shealth,0,fec3d3b5-41f4-4818-9ab2-34da2beaf468.achievement.json,fec3d3b5-41f4-4818-9ab2-34da2beaf468,1.62829E+12
5220,c6b649d5-f8e7-48aa-b3ee-3b7c57f302c0.binning_data.json,2711730,10000,150,01:18.2,com.sec.android.app.shealth,01:18.2,,1.4190239,3848.01,176.63998,5070,EIy+BrLOSY,com.sec.android.app.shealth,0,c6b649d5-f8e7-48aa-b3ee-3b7c57f302c0.achievement.json,c6b649d5-f8e7-48aa-b3ee-3b7c57f302c0,1.62622E+12
2518,ba600553-56cf-45ce-9796-6b6fab53fa70.binning_data.json,1324296,10000,4,24:19.9,com.sec.android.app.shealth,24:19.9,,1.3907759,1841.7999,79.55999,2514,EIy+BrLOSY,com.sec.android.app.shealth,0,ba600553-56cf-45ce-9796-6b6fab53fa70.achievement.json,ba600553-56cf-45ce-9796-6b6fab53fa70,1.6289E+12
114,431d331e-baa4-4e21-b15f-ee1ac23a71d8.binning_data.json,64081,10000,0,09:06.4,com.sec.android.app.shealth,03:36.3,431d331e-baa4-4e21-b15f-ee1ac23a71d8.source_info.json,1.2825806,82.189995,3.8,114,VfS0qUERdZ,com.sec.android.app.shealth,0,431d331e-baa4-4e21-b15f-ee1ac23a71d8.achievement.json,431d331e-baa4-4e21-b15f-ee1ac23a71d8,1.62691E+12
4042,758b747a-e307-4d49-abcf-068d82e581bb.binning_data.json,2076132,10000,11,06:19.0,com.sec.android.app.shealth,05:22.5,758b747a-e307-4d49-abcf-068d82e581bb.source_info.json,1.4074244,2922,126.81,4031,VfS0qUERdZ,com.sec.android.app.shealth,0,758b747a-e307-4d49-abcf-068d82e581bb.achievement.json,758b747a-e307-4d49-abcf-068d82e581bb,1.627E+12
5013,21c04edf-4933-427c-9418-737e73695bd1.binning_data.json,2684563,10000,81,00:01.5,com.sec.android.app.shealth,00:01.5,,1.3562057,3640.82,164.21999,4932,EIy+BrLOSY,com.sec.android.app.shealth,0,21c04edf-4933-427c-9418-737e73695bd1.achievement.json,21c04edf-4933-427c-9418-737e73695bd1,1.62899E+12
347,fb7238ff-5f89-4828-a341-fbbba4cf61be.binning_data.json,189802,10000,0,00:00.5,com.sec.android.app.shealth,00:00.5,,1.3191575,250.38,11.49,347,EIy+BrLOSY,com.sec.android.app.shealth,0,fb7238ff-5f89-4828-a341-fbbba4cf61be.achievement.json,fb7238ff-5f89-4828-a341-fbbba4cf61be,1.62855E+12
6671,6af3e765-061e-4777-8182-cde5cf2d0da6.binning_data.json,3252143,10000,343,00:01.6,com.sec.android.app.shealth,00:01.6,,1.5458329,5027.27,230.04999,6328,EIy+BrLOSY,com.sec.android.app.shealth,0,6af3e765-061e-4777-8182-cde5cf2d0da6.achievement.json,6af3e765-061e-4777-8182-cde5cf2d0da6,1.62916E+12
5589,9cc0804d-e3b6-4d62-b3d4-195a58d4480a.binning_data.json,2721273,10000,102,11:26.7,com.sec.android.app.shealth,08:20.8,9cc0804d-e3b6-4d62-b3d4-195a58d4480a.source_info.json,1.4976481,4075.51,184.76999,5487,VfS0qUERdZ,com.sec.android.app.shealth,0,9cc0804d-e3b6-4d62-b3d4-195a58d4480a.achievement.json,9cc0804d-e3b6-4d62-b3d4-195a58d4480a,1.62726E+12
3731,ab0972a7-e22a-46db-b88e-7bec58c412c3.binning_data.json,1992883,10000,16,06:26.8,com.sec.android.app.shealth,54:34.4,ab0972a7-e22a-46db-b88e-7bec58c412c3.source_info.json,1.350606,2691.6,121.37999,3715,VfS0qUERdZ,com.sec.android.app.shealth,0,ab0972a7-e22a-46db-b88e-7bec58c412c3.achievement.json,ab0972a7-e22a-46db-b88e-7bec58c412c3,1.62717E+12
3278,b3599b79-ca31-4675-9e67-3834745d5a8d.binning_data.json,1570263,10000,263,00:01.5,com.sec.android.app.shealth,00:01.5,,1.620964,2545.34,121.5,3015,EIy+BrLOSY,com.sec.android.app.shealth,0,b3599b79-ca31-4675-9e67-3834745d5a8d.achievement.json,b3599b79-ca31-4675-9e67-3834745d5a8d,1.62924E+12
1459,73a0c42a-5438-4aef-bf99-23a2e3c3fae7.binning_data.json,704430,10000,16,19:33.8,com.sec.android.app.shealth,41:00.1,73a0c42a-5438-4aef-bf99-23a2e3c3fae7.source_info.json,1.488691,1048.6799,46.16,1443,VfS0qUERdZ,com.sec.android.app.shealth,0,73a0c42a-5438-4aef-bf99-23a2e3c3fae7.achievement.json,73a0c42a-5438-4aef-bf99-23a2e3c3fae7,1.62657E+12
7444,806ac82c-c424-4770-bfcf-7ccc2598588b.binning_data.json,3843887,10000,100,00:01.6,com.sec.android.app.shealth,00:01.6,,1.4208584,5461.62,239.58997,7344,EIy+BrLOSY,com.sec.android.app.shealth,0,806ac82c-c424-4770-bfcf-7ccc2598588b.achievement.json,806ac82c-c424-4770-bfcf-7ccc2598588b,1.62881E+12
3222,dd4664f9-589a-47e8-b3cf-97408efc2fa0.binning_data.json,1628930,10000,104,00:02.7,com.sec.android.app.shealth,00:02.7,,1.471358,2396.74,109.169975,3118,EIy+BrLOSY,com.sec.android.app.shealth,0,dd4664f9-589a-47e8-b3cf-97408efc2fa0.achievement.json,dd4664f9-589a-47e8-b3cf-97408efc2fa0,1.62942E+12
414,e7869784-a20b-4afd-b7f0-7d72287d563c.binning_data.json,238398,10000,4,00:02.3,com.sec.android.app.shealth,00:02.3,,1.2640601,301.35,14.12,410,EIy+BrLOSY,com.sec.android.app.shealth,0,e7869784-a20b-4afd-b7f0-7d72287d563c.achievement.json,e7869784-a20b-4afd-b7f0-7d72287d563c,1.6295E+12
3571,3e5661f8-c319-488e-8baf-33a07222b400.binning_data.json,1883264,10000,0,35:02.9,com.sec.android.app.shealth,50:14.4,3e5661f8-c319-488e-8baf-33a07222b400.source_info.json,1.3442564,2531.59,116.57999,3571,VfS0qUERdZ,com.sec.android.app.shealth,0,3e5661f8-c319-488e-8baf-33a07222b400.achievement.json,3e5661f8-c319-488e-8baf-33a07222b400,1.62752E+12
2264,6ab96df5-dcdc-45b9-b709-8bbae9fb5f06.binning_data.json,1087083,10000,252,48:28.6,com.sec.android.app.shealth,48:28.6,,1.6146141,1755.22,86.82,2012,EIy+BrLOSY,com.sec.android.app.shealth,0,6ab96df5-dcdc-45b9-b709-8bbae9fb5f06.achievement.json,6ab96df5-dcdc-45b9-b709-8bbae9fb5f06,1.62907E+12
7925,fb067603-d22d-42d1-bd2c-66fbe73fdc88.binning_data.json,3977682,10000,180,53:49.7,com.sec.android.app.shealth,25:08.9,fb067603-d22d-42d1-bd2c-66fbe73fdc88.source_info.json,1.4833512,5900.3,261.12,7745,VfS0qUERdZ,com.sec.android.app.shealth,0,fb067603-d22d-42d1-bd2c-66fbe73fdc88.achievement.json,fb067603-d22d-42d1-bd2c-66fbe73fdc88,1.62683E+12
3961,a4bc844a-9e8c-4a36-8c5f-e54057df85b6.binning_data.json,1985647,10000,137,20:40.4,com.sec.android.app.shealth,20:40.4,,1.4732674,2925.3901,133.68997,3824,EIy+BrLOSY,com.sec.android.app.shealth,0,a4bc844a-9e8c-4a36-8c5f-e54057df85b6.achievement.json,a4bc844a-9e8c-4a36-8c5f-e54057df85b6,1.62968E+12
8688,a158fcd2-b46f-4f85-8b29-59ac00225d4f.binning_data.json,4392484,10000,63,57:23.6,com.sec.android.app.shealth,14:12.3,a158fcd2-b46f-4f85-8b29-59ac00225d4f.source_info.json,1.4421269,6334.52,283.72998,8625,VfS0qUERdZ,com.sec.android.app.shealth,0,a158fcd2-b46f-4f85-8b29-59ac00225d4f.achievement.json,a158fcd2-b46f-4f85-8b29-59ac00225d4f,1.62743E+12
2011,d10ead7d-c955-4ae8-800b-14059150cf77.binning_data.json,999580,10000,0,00:01.6,com.sec.android.app.shealth,00:01.6,,1.4271892,1426.5902,64.779976,2011,EIy+BrLOSY,com.sec.android.app.shealth,0,d10ead7d-c955-4ae8-800b-14059150cf77.achievement.json,d10ead7d-c955-4ae8-800b-14059150cf77,1.62933E+12
8390,1b83e48e-c340-4a16-a7f1-d55489416919.binning_data.json,3964508,10000,772,00:02.5,com.sec.android.app.shealth,00:02.5,,1.6226553,6433.03,307.06998,7618,EIy+BrLOSY,com.sec.android.app.shealth,0,1b83e48e-c340-4a16-a7f1-d55489416919.achievement.json,1b83e48e-c340-4a16-a7f1-d55489416919,1.62994E+12
572,d823342b-8c7b-4370-8282-917552c7bff9.binning_data.json,301769,10000,36,35:02.4,com.sec.android.app.shealth,32:14.5,d823342b-8c7b-4370-8282-917552c7bff9.source_info.json,1.4370222,433.65,20.72,536,VfS0qUERdZ,com.sec.android.app.shealth,0,d823342b-8c7b-4370-8282-917552c7bff9.achievement.json,d823342b-8c7b-4370-8282-917552c7bff9,1.62778E+12
633,a9f43a5e-3e12-4506-8ba1-8146615eb3ab.binning_data.json,348153,10000,0,00:01.4,com.sec.android.app.shealth,00:01.4,,1.3168314,458.46,20.91,633,EIy+BrLOSY,com.sec.android.app.shealth,0,a9f43a5e-3e12-4506-8ba1-8146615eb3ab.achievement.json,a9f43a5e-3e12-4506-8ba1-8146615eb3ab,1.62976E+12
3156,d22e94ea-41ff-4987-8867-7e3a819cd842.binning_data.json,1623854,10000,30,00:01.3,com.sec.android.app.shealth,00:01.3,,1.4179844,2302.5999,102.64999,3126,EIy+BrLOSY,com.sec.android.app.shealth,0,d22e94ea-41ff-4987-8867-7e3a819cd842.achievement.json,d22e94ea-41ff-4987-8867-7e3a819cd842,1.62959E+12
4731,79917773-d6c5-4363-b9db-b7cd0994e3d2.binning_data.json,2330568,10000,134,00:02.6,com.sec.android.app.shealth,00:02.6,,1.5095805,3518.1802,158.34998,4597,EIy+BrLOSY,com.sec.android.app.shealth,0,79917773-d6c5-4363-b9db-b7cd0994e3d2.achievement.json,79917773-d6c5-4363-b9db-b7cd0994e3d2,1.6302E+12
1878,a2919b9e-8b37-4b63-9c15-8f8cf15fb01c.binning_data.json,1019304,10000,0,13:49.0,com.sec.android.app.shealth,01:59.9,a2919b9e-8b37-4b63-9c15-8f8cf15fb01c.source_info.json,1.3322322,1357.95,59.809998,1878,VfS0qUERdZ,com.sec.android.app.shealth,0,a2919b9e-8b37-4b63-9c15-8f8cf15fb01c.achievement.json,a2919b9e-8b37-4b63-9c15-8f8cf15fb01c,1.62708E+12
3134,694ff846-8ad5-45f2-9a87-69eeef702d0f.binning_data.json,1549011,10000,20,00:01.4,com.sec.android.app.shealth,00:01.4,,1.4397113,2230.13,102.919975,3114,EIy+BrLOSY,com.sec.android.app.shealth,0,694ff846-8ad5-45f2-9a87-69eeef702d0f.achievement.json,694ff846-8ad5-45f2-9a87-69eeef702d0f,1.63002E+12
8376,00d8684e-98df-45df-9636-319059ba7af5.binning_data.json,4030091,10000,980,00:01.7,com.sec.android.app.shealth,00:01.7,,1.6407193,6612.25,317.47998,7396,EIy+BrLOSY,com.sec.android.app.shealth,0,00d8684e-98df-45df-9636-319059ba7af5.achievement.json,00d8684e-98df-45df-9636-319059ba7af5,1.62985E+12
2846,b9566a36-46f6-415b-a698-cccf4299c866.binning_data.json,1445053,10000,6,00:01.8,com.sec.android.app.shealth,00:01.8,,1.4395387,2080.21,94.119995,2840,EIy+BrLOSY,com.sec.android.app.shealth,0,b9566a36-46f6-415b-a698-cccf4299c866.achievement.json,b9566a36-46f6-415b-a698-cccf4299c866,1.63045E+12
915,e9c2e11a-6b52-4b41-b8b3-022bf90eb173.binning_data.json,467864,10000,15,55:05.5,com.sec.android.app.shealth,30:48.1,e9c2e11a-6b52-4b41-b8b3-022bf90eb173.source_info.json,1.4515315,679.12,29.359999,900,VfS0qUERdZ,com.sec.android.app.shealth,0,e9c2e11a-6b52-4b41-b8b3-022bf90eb173.achievement.json,e9c2e11a-6b52-4b41-b8b3-022bf90eb173,1.62769E+12
1041,9447c452-1383-4752-b222-5d8e4945d0e8.binning_data.json,593452,10000,2,35:00.8,com.sec.android.app.shealth,06:08.3,9447c452-1383-4752-b222-5d8e4945d0e8.source_info.json,1.2673806,752.13,34.859997,1039,VfS0qUERdZ,com.sec.android.app.shealth,0,9447c452-1383-4752-b222-5d8e4945d0e8.achievement.json,9447c452-1383-4752-b222-5d8e4945d0e8,1.62734E+12
3074,efcc07f9-f88e-4284-b766-d4f754db0acd.binning_data.json,1622634,10000,75,52:12.9,com.sec.android.app.shealth,07:55.5,efcc07f9-f88e-4284-b766-d4f754db0acd.source_info.json,1.4062566,2281.84,103.979996,2999,VfS0qUERdZ,com.sec.android.app.shealth,0,efcc07f9-f88e-4284-b766-d4f754db0acd.achievement.json,efcc07f9-f88e-4284-b766-d4f754db0acd,1.62804E+12
5296,67d208a8-af98-40f9-a979-9775acfc741d.binning_data.json,2675512,10000,212,00:01.9,com.sec.android.app.shealth,00:01.9,,1.4765657,3950.57,179.01,5084,EIy+BrLOSY,com.sec.android.app.shealth,0,67d208a8-af98-40f9-a979-9775acfc741d.achievement.json,67d208a8-af98-40f9-a979-9775acfc741d,1.63011E+12
7021,32638df2-3891-4730-b9eb-4f50f37da4ee.binning_data.json,3535111,10000,326,27:02.7,com.sec.android.app.shealth,27:02.7,,1.4902105,5268.06,241.97998,6695,EIy+BrLOSY,com.sec.android.app.shealth,0,32638df2-3891-4730-b9eb-4f50f37da4ee.achievement.json,32638df2-3891-4730-b9eb-4f50f37da4ee,1.63071E+12
7450,e6eb6918-c048-46cd-b48f-acfca8bd4a0a.binning_data.json,3465750,10000,759,00:01.6,com.sec.android.app.shealth,00:01.6,,1.6638244,5766.4,280.36,6691,EIy+BrLOSY,com.sec.android.app.shealth,0,e6eb6918-c048-46cd-b48f-acfca8bd4a0a.achievement.json,e6eb6918-c048-46cd-b48f-acfca8bd4a0a,1.63028E+12
1589,5a8dcb82-d52d-4d80-939b-2a0470f13598.binning_data.json,904584,10000,1,00:02.2,com.sec.android.app.shealth,00:02.2,,1.2485728,1129.4401,51.869984,1588,EIy+BrLOSY,com.sec.android.app.shealth,0,5a8dcb82-d52d-4d80-939b-2a0470f13598.achievement.json,5a8dcb82-d52d-4d80-939b-2a0470f13598,1.63037E+12
213,30a4841e-7455-4c53-9fb8-3b1585e76ef0.binning_data.json,118586,10000,0,00:01.6,com.sec.android.app.shealth,00:01.6,,1.2991414,154.06,6.96,213,EIy+BrLOSY,com.sec.android.app.shealth,0,30a4841e-7455-4c53-9fb8-3b1585e76ef0.achievement.json,30a4841e-7455-4c53-9fb8-3b1585e76ef0,1.63097E+12
7619,973ce64d-ad96-4bcf-9a65-6a20b1d6a271.binning_data.json,3729017,10000,22,59:19.7,com.sec.android.app.shealth,43:04.3,973ce64d-ad96-4bcf-9a65-6a20b1d6a271.source_info.json,1.4580008,5436.9106,243.20993,7597,VfS0qUERdZ,com.sec.android.app.shealth,0,973ce64d-ad96-4bcf-9a65-6a20b1d6a271.achievement.json,973ce64d-ad96-4bcf-9a65-6a20b1d6a271,1.62795E+12
4536,1d4ff425-1bb4-4054-8c33-d2814a30f8c1.binning_data.json,2339133,10000,158,00:01.5,com.sec.android.app.shealth,00:01.5,,1.4452659,3380.67,149.01999,4378,EIy+BrLOSY,com.sec.android.app.shealth,0,1d4ff425-1bb4-4054-8c33-d2814a30f8c1.achievement.json,1d4ff425-1bb4-4054-8c33-d2814a30f8c1,1.63063E+12
3757,a9fb1535-ee79-45e8-b38c-bf457a4877de.binning_data.json,1782467,10000,394,13:56.9,com.sec.android.app.shealth,13:56.9,,1.6614722,2961.52,141.59,3363,EIy+BrLOSY,com.sec.android.app.shealth,0,a9fb1535-ee79-45e8-b38c-bf457a4877de.achievement.json,a9fb1535-ee79-45e8-b38c-bf457a4877de,1.63123E+12
9943,78b6cacb-367f-4b84-ab27-ebb8cbe5ad5b.binning_data.json,5122279,10000,202,59:13.9,com.sec.android.app.shealth,20:27.0,78b6cacb-367f-4b84-ab27-ebb8cbe5ad5b.source_info.json,1.4366474,7358.91,322.36996,9741,VfS0qUERdZ,com.sec.android.app.shealth,0,78b6cacb-367f-4b84-ab27-ebb8cbe5ad5b.achievement.json,78b6cacb-367f-4b84-ab27-ebb8cbe5ad5b,1.6276E+12
1293,953a2be1-6c3b-4548-941c-513811e0d514.binning_data.json,696313,10000,11,38:54.9,com.sec.android.app.shealth,38:54.9,,1.3554536,943.82,42.399998,1282,EIy+BrLOSY,com.sec.android.app.shealth,0,953a2be1-6c3b-4548-941c-513811e0d514.achievement.json,953a2be1-6c3b-4548-941c-513811e0d514,1.63054E+12
276,78e03e9a-9c0c-4879-a410-1b109a51aab2.binning_data.json,161798,10000,0,35:01.7,com.sec.android.app.shealth,30:12.1,78e03e9a-9c0c-4879-a410-1b109a51aab2.source_info.json,1.2154619,196.66,9.13,276,VfS0qUERdZ,com.sec.android.app.shealth,0,78e03e9a-9c0c-4879-a410-1b109a51aab2.achievement.json,78e03e9a-9c0c-4879-a410-1b109a51aab2,1.62829E+12
3047,370aa7fa-b50a-4a0f-a0fc-f149b0f5e4bc.binning_data.json,6599999,10000,34,00:03.3,com.sec.android.app.shealth,00:03.3,,0.3595399,2372.9631,107.281166,3013,Ll5vOcD74C,com.sec.android.app.shealth,0,370aa7fa-b50a-4a0f-a0fc-f149b0f5e4bc.achievement.json,370aa7fa-b50a-4a0f-a0fc-f149b0f5e4bc,1.6314E+12
3141,8b584b20-dfc0-4518-b6bd-8b970ec0a99f.binning_data.json,1568475,10000,15,00:01.9,com.sec.android.app.shealth,00:01.9,,1.4232483,2232.33,101.59999,3126,EIy+BrLOSY,com.sec.android.app.shealth,0,8b584b20-dfc0-4518-b6bd-8b970ec0a99f.achievement.json,8b584b20-dfc0-4518-b6bd-8b970ec0a99f,1.63089E+12
347,62306cd3-4ec1-4b09-bbab-1def8c8b96b7.binning_data.json,189802,10000,0,43:30.6,com.sec.android.app.shealth,55:01.8,62306cd3-4ec1-4b09-bbab-1def8c8b96b7.source_info.json,1.3191575,250.38,11.49,347,VfS0qUERdZ,com.sec.android.app.shealth,0,62306cd3-4ec1-4b09-bbab-1def8c8b96b7.achievement.json,62306cd3-4ec1-4b09-bbab-1def8c8b96b7,1.62855E+12
3449,4a227958-1351-4e54-9b27-47abea5b399c.binning_data.json,1601816,10000,114,28:13.0,com.sec.android.app.shealth,59:24.7,4a227958-1351-4e54-9b27-47abea5b399c.source_info.json,1.5961881,2556.8,121.89,3335,VfS0qUERdZ,com.sec.android.app.shealth,0,4a227958-1351-4e54-9b27-47abea5b399c.achievement.json,4a227958-1351-4e54-9b27-47abea5b399c,1.62821E+12
159,0000607c-83d7-4dfa-86be-997dff6df73e.binning_data.json,93787,10000,0,00:01.4,com.sec.android.app.shealth,00:01.4,,1.2837493,120.4,5.96,159,EIy+BrLOSY,com.sec.android.app.shealth,0,0000607c-83d7-4dfa-86be-997dff6df73e.achievement.json,0000607c-83d7-4dfa-86be-997dff6df73e,1.63115E+12
4072,8b180346-77cc-4e7a-82a0-a6b31067be7e.binning_data.json,2080446,10000,88,35:21.4,com.sec.android.app.shealth,10:09.7,8b180346-77cc-4e7a-82a0-a6b31067be7e.source_info.json,1.4302361,2975.53,132.73,3984,VfS0qUERdZ,com.sec.android.app.shealth,0,8b180346-77cc-4e7a-82a0-a6b31067be7e.achievement.json,8b180346-77cc-4e7a-82a0-a6b31067be7e,1.62786E+12
5242,48bb71a5-46eb-43b5-90e3-4144a1100525.binning_data.json,2629002,10000,179,00:01.9,com.sec.android.app.shealth,00:01.9,,1.479135,3888.65,174.41998,5063,EIy+BrLOSY,com.sec.android.app.shealth,0,48bb71a5-46eb-43b5-90e3-4144a1100525.achievement.json,48bb71a5-46eb-43b5-90e3-4144a1100525,1.6308E+12
1207,95f101ed-59a7-4fa0-b268-f62d95cfb44c.binning_data.json,5280000,10000,15,00:29.2,com.sec.android.app.shealth,00:29.2,,0.17910512,945.67505,42.602913,1192,Ll5vOcD74C,com.sec.android.app.shealth,0,95f101ed-59a7-4fa0-b268-f62d95cfb44c.achievement.json,95f101ed-59a7-4fa0-b268-f62d95cfb44c,1.63158E+12
4108,fc04b28e-fc2a-4b23-9819-df6884da1d03.binning_data.json,7860000,10000,40,00:09.9,com.sec.android.app.shealth,00:09.9,,0.41066203,3227.8035,144.6526,4068,Ll5vOcD74C,com.sec.android.app.shealth,1042,fc04b28e-fc2a-4b23-9819-df6884da1d03.achievement.json,fc04b28e-fc2a-4b23-9819-df6884da1d03,1.63175E+12
6251,9aee2acd-9117-4cb8-bb95-2e242be32305.binning_data.json,3071857,10000,415,00:02.2,com.sec.android.app.shealth,00:02.2,,1.5401624,4731.16,220.31999,5836,EIy+BrLOSY,com.sec.android.app.shealth,0,9aee2acd-9117-4cb8-bb95-2e242be32305.achievement.json,9aee2acd-9117-4cb8-bb95-2e242be32305,1.63106E+12
3981,891f7bfc-f196-4d5c-bc0e-f4bf7c8cd7a5.binning_data.json,5812564,10000,54,50:00.9,com.sec.android.app.shealth,24:02.6,891f7bfc-f196-4d5c-bc0e-f4bf7c8cd7a5.source_info.json,0.51222324,2977.331,132.61023,3927,VfS0qUERdZ,com.sec.android.app.shealth,0,891f7bfc-f196-4d5c-bc0e-f4bf7c8cd7a5.achievement.json,891f7bfc-f196-4d5c-bc0e-f4bf7c8cd7a5,1.6314E+12
2632,b1430d08-730b-43dd-8881-1414a7300b8a.binning_data.json,1359964,10000,17,49:15.0,com.sec.android.app.shealth,11:03.8,b1430d08-730b-43dd-8881-1414a7300b8a.source_info.json,1.4114043,1919.46,85.13,2615,VfS0qUERdZ,com.sec.android.app.shealth,0,b1430d08-730b-43dd-8881-1414a7300b8a.achievement.json,b1430d08-730b-43dd-8881-1414a7300b8a,1.62812E+12
7444,0a3fb6ee-cac2-44d1-be1e-314799b99584.binning_data.json,3843887,10000,100,58:45.0,com.sec.android.app.shealth,53:15.2,0a3fb6ee-cac2-44d1-be1e-314799b99584.source_info.json,1.4208584,5461.62,239.58997,7344,VfS0qUERdZ,com.sec.android.app.shealth,0,0a3fb6ee-cac2-44d1-be1e-314799b99584.achievement.json,0a3fb6ee-cac2-44d1-be1e-314799b99584,1.62881E+12
4989,092420f0-08fe-46d8-844d-234649b1227e.binning_data.json,2467045,10000,75,42:28.9,com.sec.android.app.shealth,15:00.9,092420f0-08fe-46d8-844d-234649b1227e.source_info.json,1.5016541,3704.65,164.81996,4914,VfS0qUERdZ,com.sec.android.app.shealth,0,092420f0-08fe-46d8-844d-234649b1227e.achievement.json,092420f0-08fe-46d8-844d-234649b1227e,1.62847E+12
1064,42330154-17db-495b-8f45-e4ddd4abd00a.binning_data.json,580833,10000,2,00:02.9,com.sec.android.app.shealth,00:02.9,,1.3346685,775.22,35.01,1062,EIy+BrLOSY,com.sec.android.app.shealth,0,42330154-17db-495b-8f45-e4ddd4abd00a.achievement.json,42330154-17db-495b-8f45-e4ddd4abd00a,1.63132E+12
4924,882099b0-d181-4b28-8616-089d42e4eff1.binning_data.json,8399999,10000,133,00:48.0,com.sec.android.app.shealth,00:48.0,,0.46648565,3918.4795,176.34174,4791,Ll5vOcD74C,com.sec.android.app.shealth,0,882099b0-d181-4b28-8616-089d42e4eff1.achievement.json,882099b0-d181-4b28-8616-089d42e4eff1,1.63192E+12
1306,aecbaeee-b8ea-49bc-85e3-ac001d95d8cb.binning_data.json,5125357,10000,15,28:03.5,com.sec.android.app.shealth,13:02.2,aecbaeee-b8ea-49bc-85e3-ac001d95d8cb.source_info.json,0.19787236,1014.1665,46.01776,1291,VfS0qUERdZ,com.sec.android.app.shealth,0,aecbaeee-b8ea-49bc-85e3-ac001d95d8cb.achievement.json,aecbaeee-b8ea-49bc-85e3-ac001d95d8cb,1.63158E+12
1918,9ec66bc6-3279-45dd-95ff-12878e6823af.binning_data.json,1003516,10000,0,45:34.7,com.sec.android.app.shealth,31:41.4,9ec66bc6-3279-45dd-95ff-12878e6823af.source_info.json,1.3805557,1385.41,63.28,1918,VfS0qUERdZ,com.sec.android.app.shealth,0,9ec66bc6-3279-45dd-95ff-12878e6823af.achievement.json,9ec66bc6-3279-45dd-95ff-12878e6823af,1.62838E+12
4741,1154f7d4-1f4d-41d9-910a-ed027db32f24.binning_data.json,6780000,10000,514,53:22.4,com.sec.android.app.shealth,53:22.4,,0.56833124,3853.2861,185.38115,4227,Ll5vOcD74C,com.sec.android.app.shealth,0,1154f7d4-1f4d-41d9-910a-ed027db32f24.achievement.json,1154f7d4-1f4d-41d9-910a-ed027db32f24,1.6321E+12
2264,643ffa11-f428-4221-97fe-61313682860c.binning_data.json,1087083,10000,252,32:47.8,com.sec.android.app.shealth,25:34.0,643ffa11-f428-4221-97fe-61313682860c.source_info.json,1.6146141,1755.22,86.82,2012,VfS0qUERdZ,com.sec.android.app.shealth,0,643ffa11-f428-4221-97fe-61313682860c.achievement.json,643ffa11-f428-4221-97fe-61313682860c,1.62907E+12
6188,d4ca7550-ee87-4787-9ece-7faa773d49b4.binning_data.json,3057672,10000,405,01:52.0,com.sec.android.app.shealth,44:00.5,d4ca7550-ee87-4787-9ece-7faa773d49b4.source_info.json,1.5384347,4704.03,213.81999,5783,VfS0qUERdZ,com.sec.android.app.shealth,0,d4ca7550-ee87-4787-9ece-7faa773d49b4.achievement.json,d4ca7550-ee87-4787-9ece-7faa773d49b4,1.62873E+12
4054,6b1e3251-b6af-4816-a738-52efc3444647.binning_data.json,1813526,10000,697,00:01.8,com.sec.android.app.shealth,00:01.8,,1.8253555,3310.33,166.66,3357,EIy+BrLOSY,com.sec.android.app.shealth,0,6b1e3251-b6af-4816-a738-52efc3444647.achievement.json,6b1e3251-b6af-4816-a738-52efc3444647,1.63149E+12
2728,9621c3a3-7a5b-47dd-9e14-9731f46d195e.binning_data.json,6599999,10000,118,45:54.2,com.sec.android.app.shealth,34:03.4,,0.33012778,2178.8433,98.964935,2610,Ll5vOcD74C,com.sec.android.app.shealth,0,9621c3a3-7a5b-47dd-9e14-9731f46d195e.achievement.json,9621c3a3-7a5b-47dd-9e14-9731f46d195e,1.63227E+12
8798,2613f41f-7098-422d-9b22-516452ba4680.binning_data.json,4496768,10000,287,14:51.4,com.sec.android.app.shealth,03:27.6,2613f41f-7098-422d-9b22-516452ba4680.source_info.json,1.4551159,6543.32,296.45996,8511,VfS0qUERdZ,com.sec.android.app.shealth,0,2613f41f-7098-422d-9b22-516452ba4680.achievement.json,2613f41f-7098-422d-9b22-516452ba4680,1.62864E+12
5478,427af39a-463a-4e7a-a5d5-9c90164e847c.binning_data.json,7013337,10000,35,55:05.6,com.sec.android.app.shealth,05:02.8,427af39a-463a-4e7a-a5d5-9c90164e847c.source_info.json,0.58294696,4088.4043,180.99734,5443,VfS0qUERdZ,com.sec.android.app.shealth,0,427af39a-463a-4e7a-a5d5-9c90164e847c.achievement.json,427af39a-463a-4e7a-a5d5-9c90164e847c,1.63175E+12
2141,1d4c2b12-d965-4787-b4a8-c52a8ccbc462.binning_data.json,1115045,10000,40,00:02.2,com.sec.android.app.shealth,00:02.2,,1.3932614,1553.55,72.24999,2101,EIy+BrLOSY,com.sec.android.app.shealth,0,1d4c2b12-d965-4787-b4a8-c52a8ccbc462.achievement.json,1d4c2b12-d965-4787-b4a8-c52a8ccbc462,1.63166E+12
2011,7d2eb5ae-218e-4ad4-aa11-bc21c6fa0b47.binning_data.json,999580,10000,0,46:21.7,com.sec.android.app.shealth,40:42.2,7d2eb5ae-218e-4ad4-aa11-bc21c6fa0b47.source_info.json,1.4271892,1426.5902,64.779976,2011,VfS0qUERdZ,com.sec.android.app.shealth,0,7d2eb5ae-218e-4ad4-aa11-bc21c6fa0b47.achievement.json,7d2eb5ae-218e-4ad4-aa11-bc21c6fa0b47,1.62933E+12
6414,f5281eaf-a62f-4a55-b878-cbe1b0613ade.binning_data.json,11459999,10000,464,01:19.2,com.sec.android.app.shealth,01:19.2,,0.4495261,5151.5693,242.78946,5950,Ll5vOcD74C,com.sec.android.app.shealth,0,f5281eaf-a62f-4a55-b878-cbe1b0613ade.achievement.json,f5281eaf-a62f-4a55-b878-cbe1b0613ade,1.63244E+12
5013,ea105ecd-6fce-4b8d-a161-cbdbd6dc81c8.binning_data.json,2684563,10000,81,45:16.9,com.sec.android.app.shealth,12:56.8,ea105ecd-6fce-4b8d-a161-cbdbd6dc81c8.source_info.json,1.3562057,3640.82,164.21999,4932,VfS0qUERdZ,com.sec.android.app.shealth,0,ea105ecd-6fce-4b8d-a161-cbdbd6dc81c8.achievement.json,ea105ecd-6fce-4b8d-a161-cbdbd6dc81c8,1.62899E+12
2518,b03df4f6-2ebe-47e9-b727-eb7d45f9e8c1.binning_data.json,1324296,10000,4,31:17.3,com.sec.android.app.shealth,17:30.6,b03df4f6-2ebe-47e9-b727-eb7d45f9e8c1.source_info.json,1.3907759,1841.7999,79.55999,2514,VfS0qUERdZ,com.sec.android.app.shealth,0,b03df4f6-2ebe-47e9-b727-eb7d45f9e8c1.achievement.json,b03df4f6-2ebe-47e9-b727-eb7d45f9e8c1,1.6289E+12
7801,d33bffc7-a249-40ec-8021-2d22249025f6.binning_data.json,7128190,10000,126,16:04.9,com.sec.android.app.shealth,11:29.5,d33bffc7-a249-40ec-8021-2d22249025f6.source_info.json,0.8196838,5842.8623,255.73175,7675,VfS0qUERdZ,com.sec.android.app.shealth,0,d33bffc7-a249-40ec-8021-2d22249025f6.achievement.json,d33bffc7-a249-40ec-8021-2d22249025f6,1.63192E+12
8600,f090e388-2281-42ce-aee6-d084aae0e0e9.binning_data.json,4246683,10000,187,00:04.1,com.sec.android.app.shealth,00:04.1,,1.479585,6283.33,286.95996,8413,EIy+BrLOSY,com.sec.android.app.shealth,0,f090e388-2281-42ce-aee6-d084aae0e0e9.achievement.json,f090e388-2281-42ce-aee6-d084aae0e0e9,1.63184E+12
3156,ce00c643-7619-4a3d-a217-ac76ab1db574.binning_data.json,1623854,10000,30,40:59.8,com.sec.android.app.shealth,39:50.1,ce00c643-7619-4a3d-a217-ac76ab1db574.source_info.json,1.4179844,2302.5999,102.64999,3126,VfS0qUERdZ,com.sec.android.app.shealth,0,ce00c643-7619-4a3d-a217-ac76ab1db574.achievement.json,ce00c643-7619-4a3d-a217-ac76ab1db574,1.62959E+12
3278,6f02d409-dba9-45ef-bc83-c59a90ec9355.binning_data.json,1570263,10000,263,43:01.9,com.sec.android.app.shealth,35:02.9,6f02d409-dba9-45ef-bc83-c59a90ec9355.source_info.json,1.620964,2545.34,121.5,3015,VfS0qUERdZ,com.sec.android.app.shealth,0,6f02d409-dba9-45ef-bc83-c59a90ec9355.achievement.json,6f02d409-dba9-45ef-bc83-c59a90ec9355,1.62924E+12
1592,fe412331-7789-4725-9e02-a13d5c1370a1.binning_data.json,5700000,10000,6,00:02.8,com.sec.android.app.shealth,00:02.8,,0.21781974,1241.5725,55.908043,1586,Ll5vOcD74C,com.sec.android.app.shealth,0,fe412331-7789-4725-9e02-a13d5c1370a1.achievement.json,fe412331-7789-4725-9e02-a13d5c1370a1,1.63261E+12
9295,3941d2fd-74c0-4a40-862f-4ad0a89b0b8f.binning_data.json,4916813,10000,39,18:12.7,com.sec.android.app.shealth,18:12.7,,1.3812623,6791.41,292.68997,9256,EIy+BrLOSY,com.sec.android.app.shealth,0,3941d2fd-74c0-4a40-862f-4ad0a89b0b8f.achievement.json,3941d2fd-74c0-4a40-862f-4ad0a89b0b8f,1.63201E+12
5129,2f15d179-5c9e-4dbb-b46e-116b7d6af5fa.binning_data.json,2632447,10000,0,27:25.1,com.sec.android.app.shealth,27:25.1,,1.3788955,3629.87,164.7,5129,EIy+BrLOSY,com.sec.android.app.shealth,0,2f15d179-5c9e-4dbb-b46e-116b7d6af5fa.achievement.json,2f15d179-5c9e-4dbb-b46e-116b7d6af5fa,1.63218E+12
2398,75fb15a9-252a-4cf6-8a4d-109aeb82977f.binning_data.json,5819999,10000,37,49:11.3,com.sec.android.app.shealth,49:11.3,,0.3251806,1892.551,84.61715,2361,Ll5vOcD74C,com.sec.android.app.shealth,0,75fb15a9-252a-4cf6-8a4d-109aeb82977f.achievement.json,75fb15a9-252a-4cf6-8a4d-109aeb82977f,1.63279E+12
6671,cfd9de39-9b4c-40c0-a31f-1561670665d3.binning_data.json,3252143,10000,343,37:11.9,com.sec.android.app.shealth,43:33.4,cfd9de39-9b4c-40c0-a31f-1561670665d3.source_info.json,1.5458329,5027.27,230.04999,6328,VfS0qUERdZ,com.sec.android.app.shealth,0,cfd9de39-9b4c-40c0-a31f-1561670665d3.achievement.json,cfd9de39-9b4c-40c0-a31f-1561670665d3,1.62916E+12
8376,e9dae922-38fa-436b-a9f4-cbc3c825ab8b.binning_data.json,4030091,10000,980,27:05.2,com.sec.android.app.shealth,50:17.5,e9dae922-38fa-436b-a9f4-cbc3c825ab8b.source_info.json,1.6407193,6612.25,317.47998,7396,VfS0qUERdZ,com.sec.android.app.shealth,0,e9dae922-38fa-436b-a9f4-cbc3c825ab8b.achievement.json,e9dae922-38fa-436b-a9f4-cbc3c825ab8b,1.62985E+12
414,54988a99-231f-4f6b-8336-dc6423913155.binning_data.json,238398,10000,4,37:18.1,com.sec.android.app.shealth,57:38.6,54988a99-231f-4f6b-8336-dc6423913155.source_info.json,1.2640601,301.35,14.12,410,VfS0qUERdZ,com.sec.android.app.shealth,0,54988a99-231f-4f6b-8336-dc6423913155.achievement.json,54988a99-231f-4f6b-8336-dc6423913155,1.6295E+12
6849,cf3faf48-01e2-4995-93c6-d8974d415785.binning_data.json,6164783,10000,555,07:03.5,com.sec.android.app.shealth,28:01.6,cf3faf48-01e2-4995-93c6-d8974d415785.source_info.json,0.88008577,5425.538,253.53842,6294,VfS0qUERdZ,com.sec.android.app.shealth,0,cf3faf48-01e2-4995-93c6-d8974d415785.achievement.json,cf3faf48-01e2-4995-93c6-d8974d415785,1.6321E+12
143,353b1492-1545-4f3a-81cf-9a43cc0ab2d9.binning_data.json,86322,10000,0,09:18.3,com.sec.android.app.shealth,09:18.3,,1.17003,101,4.81,143,EIy+BrLOSY,com.sec.android.app.shealth,0,353b1492-1545-4f3a-81cf-9a43cc0ab2d9.achievement.json,353b1492-1545-4f3a-81cf-9a43cc0ab2d9,1.63236E+12
10149,60ecb4b1-c956-42c7-9cd6-2699e582f3ee.binning_data.json,5188299,10000,278,24:11.8,com.sec.android.app.shealth,02:17.4,,1.4423511,7483.35,340.35995,9871,EIy+BrLOSY,com.sec.android.app.shealth,0,60ecb4b1-c956-42c7-9cd6-2699e582f3ee.achievement.json,60ecb4b1-c956-42c7-9cd6-2699e582f3ee,1.63305E+12
633,2eb52981-f7dc-44b6-b762-51035a60d13a.binning_data.json,348153,10000,0,34:18.8,com.sec.android.app.shealth,26:19.4,2eb52981-f7dc-44b6-b762-51035a60d13a.source_info.json,1.3168314,458.46,20.91,633,VfS0qUERdZ,com.sec.android.app.shealth,0,2eb52981-f7dc-44b6-b762-51035a60d13a.achievement.json,2eb52981-f7dc-44b6-b762-51035a60d13a,1.62976E+12
3971,19a1053b-35d8-4ca4-a89d-9eff9896c6e7.binning_data.json,5821851,10000,106,43:02.8,com.sec.android.app.shealth,46:02.8,19a1053b-35d8-4ca4-a89d-9eff9896c6e7.source_info.json,0.5119736,2980.6343,135.2664,3865,VfS0qUERdZ,com.sec.android.app.shealth,0,19a1053b-35d8-4ca4-a89d-9eff9896c6e7.achievement.json,19a1053b-35d8-4ca4-a89d-9eff9896c6e7,1.63227E+12
5296,0a137af2-e4b4-45f9-8b7c-b47d85af30d2.binning_data.json,2675512,10000,212,42:35.8,com.sec.android.app.shealth,57:33.7,0a137af2-e4b4-45f9-8b7c-b47d85af30d2.source_info.json,1.4765657,3950.57,179.01,5084,VfS0qUERdZ,com.sec.android.app.shealth,0,0a137af2-e4b4-45f9-8b7c-b47d85af30d2.achievement.json,0a137af2-e4b4-45f9-8b7c-b47d85af30d2,1.63011E+12
3222,3f6cc43f-7fe8-47c0-8f46-6f4df8f7204c.binning_data.json,1628930,10000,104,07:50.9,com.sec.android.app.shealth,49:12.3,3f6cc43f-7fe8-47c0-8f46-6f4df8f7204c.source_info.json,1.471358,2396.74,109.169975,3118,VfS0qUERdZ,com.sec.android.app.shealth,0,3f6cc43f-7fe8-47c0-8f46-6f4df8f7204c.achievement.json,3f6cc43f-7fe8-47c0-8f46-6f4df8f7204c,1.62942E+12
2451,04ba786f-239e-4cf7-9177-1021f927384a.binning_data.json,1095598,10000,46,00:02.8,com.sec.android.app.shealth,00:02.8,,1.6426089,1799.64,82.86,2405,EIy+BrLOSY,com.sec.android.app.shealth,0,04ba786f-239e-4cf7-9177-1021f927384a.achievement.json,04ba786f-239e-4cf7-9177-1021f927384a,1.63253E+12
3575,6df63ce0-90db-4446-a9d3-2363b6693b13.binning_data.json,8640000,10000,32,37:39.3,com.sec.android.app.shealth,37:39.3,,0.32185984,2780.8691,126.13068,3543,Ll5vOcD74C,com.sec.android.app.shealth,0,6df63ce0-90db-4446-a9d3-2363b6693b13.achievement.json,6df63ce0-90db-4446-a9d3-2363b6693b13,1.63313E+12
2648,043c3b68-d94f-4b71-8301-1e197e5832a0.binning_data.json,1452877,10000,6,21:53.3,com.sec.android.app.shealth,21:53.3,,1.2989805,1887.26,84.6,2642,EIy+BrLOSY,com.sec.android.app.shealth,0,043c3b68-d94f-4b71-8301-1e197e5832a0.achievement.json,043c3b68-d94f-4b71-8301-1e197e5832a0,1.6327E+12
1589,125bcc0a-d857-4caa-8335-4f196db9b2fe.binning_data.json,904584,10000,1,48:33.9,com.sec.android.app.shealth,31:05.2,125bcc0a-d857-4caa-8335-4f196db9b2fe.source_info.json,1.2485728,1129.4401,51.869984,1588,VfS0qUERdZ,com.sec.android.app.shealth,0,125bcc0a-d857-4caa-8335-4f196db9b2fe.achievement.json,125bcc0a-d857-4caa-8335-4f196db9b2fe,1.63037E+12
3134,97e30692-12a6-413d-9ce7-189d4de67f86.binning_data.json,1549011,10000,20,09:05.2,com.sec.android.app.shealth,58:14.2,97e30692-12a6-413d-9ce7-189d4de67f86.source_info.json,1.4397113,2230.13,102.919975,3114,VfS0qUERdZ,com.sec.android.app.shealth,0,97e30692-12a6-413d-9ce7-189d4de67f86.achievement.json,97e30692-12a6-413d-9ce7-189d4de67f86,1.63002E+12
200,e1371f12-3065-4f52-97aa-55914afbed7a.binning_data.json,121645,10000,0,14:58.0,com.sec.android.app.shealth,14:58.0,,1.1746441,142.89,6.7299995,200,EIy+BrLOSY,com.sec.android.app.shealth,0,e1371f12-3065-4f52-97aa-55914afbed7a.achievement.json,e1371f12-3065-4f52-97aa-55914afbed7a,1.63287E+12
4536,41f929a9-09ca-4f74-a419-690b3260670e.binning_data.json,2339133,10000,158,55:05.8,com.sec.android.app.shealth,28:37.5,41f929a9-09ca-4f74-a419-690b3260670e.source_info.json,1.4452659,3380.67,149.01999,4378,VfS0qUERdZ,com.sec.android.app.shealth,0,41f929a9-09ca-4f74-a419-690b3260670e.achievement.json,41f929a9-09ca-4f74-a419-690b3260670e,1.63063E+12
8290,97ca72a7-f96c-4455-998e-2e96fa3fc733.binning_data.json,9730616,10000,417,55:02.8,com.sec.android.app.shealth,03:03.6,97ca72a7-f96c-4455-998e-2e96fa3fc733.source_info.json,0.64139795,6241.1978,299.90222,7873,VfS0qUERdZ,com.sec.android.app.shealth,0,97ca72a7-f96c-4455-998e-2e96fa3fc733.achievement.json,97ca72a7-f96c-4455-998e-2e96fa3fc733,1.63244E+12
1965,902654a9-4f90-42f2-8a1b-499c366bb2a3.binning_data.json,979492,10000,54,46:55.9,com.sec.android.app.shealth,46:55.9,,1.441338,1411.78,66.45999,1911,EIy+BrLOSY,com.sec.android.app.shealth,0,902654a9-4f90-42f2-8a1b-499c366bb2a3.achievement.json,902654a9-4f90-42f2-8a1b-499c366bb2a3,1.63331E+12
2434,220229ef-c07f-4a3f-a0fa-a592dcc3f5e0.binning_data.json,5339999,10000,102,02:20.6,com.sec.android.app.shealth,02:20.6,,0.3611118,1928.3369,88.176254,2332,Ll5vOcD74C,com.sec.android.app.shealth,0,220229ef-c07f-4a3f-a0fa-a592dcc3f5e0.achievement.json,220229ef-c07f-4a3f-a0fa-a592dcc3f5e0,1.63296E+12
7450,ce12a60b-567d-4592-bfdb-d8686c5afdd1.binning_data.json,3465750,10000,759,20:50.8,com.sec.android.app.shealth,15:03.2,ce12a60b-567d-4592-bfdb-d8686c5afdd1.source_info.json,1.6638244,5766.4,280.36,6691,VfS0qUERdZ,com.sec.android.app.shealth,0,ce12a60b-567d-4592-bfdb-d8686c5afdd1.achievement.json,ce12a60b-567d-4592-bfdb-d8686c5afdd1,1.63028E+12
3961,9761ff67-6c83-4b64-b49f-a59c6c2f18b1.binning_data.json,1985647,10000,137,45:40.1,com.sec.android.app.shealth,05:53.5,9761ff67-6c83-4b64-b49f-a59c6c2f18b1.source_info.json,1.4732674,2925.3901,133.68997,3824,VfS0qUERdZ,com.sec.android.app.shealth,0,9761ff67-6c83-4b64-b49f-a59c6c2f18b1.achievement.json,9761ff67-6c83-4b64-b49f-a59c6c2f18b1,1.62968E+12
4427,bb63e26f-5408-4ae3-96a7-3d8aff332a4c.binning_data.json,7500000,10000,43,29:29.3,com.sec.android.app.shealth,29:29.3,,0.47009012,3525.676,155.2005,4384,Ll5vOcD74C,com.sec.android.app.shealth,0,bb63e26f-5408-4ae3-96a7-3d8aff332a4c.achievement.json,bb63e26f-5408-4ae3-96a7-3d8aff332a4c,1.63348E+12
3141,2a856a97-3061-4265-9c96-389657467d2f.binning_data.json,1568475,10000,15,10:27.2,com.sec.android.app.shealth,19:22.6,2a856a97-3061-4265-9c96-389657467d2f.source_info.json,1.4232483,2232.33,101.59999,3126,VfS0qUERdZ,com.sec.android.app.shealth,0,2a856a97-3061-4265-9c96-389657467d2f.achievement.json,2a856a97-3061-4265-9c96-389657467d2f,1.63089E+12
1293,0dbde7a4-ae2f-4021-8a30-d4d4ce18d21b.binning_data.json,696313,10000,11,15:04.8,com.sec.android.app.shealth,07:25.8,0dbde7a4-ae2f-4021-8a30-d4d4ce18d21b.source_info.json,1.3554536,943.82,42.399998,1282,VfS0qUERdZ,com.sec.android.app.shealth,0,0dbde7a4-ae2f-4021-8a30-d4d4ce18d21b.achievement.json,0dbde7a4-ae2f-4021-8a30-d4d4ce18d21b,1.63054E+12
1895,c3023e7c-bf53-434e-a05a-a1cc1bbb1650.binning_data.json,897291,10000,229,00:02.4,com.sec.android.app.shealth,00:02.4,,1.6659908,1494.88,77.29,1666,EIy+BrLOSY,com.sec.android.app.shealth,0,c3023e7c-bf53-434e-a05a-a1cc1bbb1650.achievement.json,c3023e7c-bf53-434e-a05a-a1cc1bbb1650,1.63322E+12
8390,5dd2ede6-522c-4773-bb3d-9120179d24ed.binning_data.json,3964508,10000,772,50:52.0,com.sec.android.app.shealth,34:03.1,5dd2ede6-522c-4773-bb3d-9120179d24ed.source_info.json,1.6226553,6433.03,307.06998,7618,VfS0qUERdZ,com.sec.android.app.shealth,0,5dd2ede6-522c-4773-bb3d-9120179d24ed.achievement.json,5dd2ede6-522c-4773-bb3d-9120179d24ed,1.62994E+12
2335,2d85001c-f949-42ae-a031-0512dfa67fcb.binning_data.json,1184609,10000,81,11:04.4,com.sec.android.app.shealth,11:04.4,,1.4721226,1743.89,77.88999,2254,EIy+BrLOSY,com.sec.android.app.shealth,0,2d85001c-f949-42ae-a031-0512dfa67fcb.achievement.json,2d85001c-f949-42ae-a031-0512dfa67fcb,1.63365E+12
1811,c8c6abf3-da67-45a3-af76-a6c2eca1c706.binning_data.json,5771269,10000,6,45:02.4,com.sec.android.app.shealth,12:04.1,c8c6abf3-da67-45a3-af76-a6c2eca1c706.source_info.json,0.24201967,1396.7607,63.24355,1805,VfS0qUERdZ,com.sec.android.app.shealth,0,c8c6abf3-da67-45a3-af76-a6c2eca1c706.achievement.json,c8c6abf3-da67-45a3-af76-a6c2eca1c706,1.63261E+12
780,0884e43b-bfbc-4135-a137-10e7c3e4acd1.binning_data.json,3840000,10000,0,47:03.6,com.sec.android.app.shealth,47:03.6,,0.15944092,612.2531,27.176102,780,Ll5vOcD74C,com.sec.android.app.shealth,0,0884e43b-bfbc-4135-a137-10e7c3e4acd1.achievement.json,0884e43b-bfbc-4135-a137-10e7c3e4acd1,1.63331E+12
2794,5d16461e-71ee-40ee-b194-5c13380db545.binning_data.json,5305497,10000,35,11:07.9,com.sec.android.app.shealth,11:03.1,5d16461e-71ee-40ee-b194-5c13380db545.source_info.json,0.39616337,2101.8438,93.65558,2759,VfS0qUERdZ,com.sec.android.app.shealth,0,5d16461e-71ee-40ee-b194-5c13380db545.achievement.json,5d16461e-71ee-40ee-b194-5c13380db545,1.63279E+12
2898,b2c3ba43-c7dd-4ef6-954d-80369fbdba69.binning_data.json,1392780,10000,124,00:02.2,com.sec.android.app.shealth,00:02.2,,1.5328838,2134.9705,99.799965,2774,EIy+BrLOSY,com.sec.android.app.shealth,0,b2c3ba43-c7dd-4ef6-954d-80369fbdba69.achievement.json,b2c3ba43-c7dd-4ef6-954d-80369fbdba69,1.63356E+12
5242,6116c28a-fe19-4ee1-9ab3-fba9d6c03c25.binning_data.json,2629002,10000,179,55:05.0,com.sec.android.app.shealth,25:33.4,6116c28a-fe19-4ee1-9ab3-fba9d6c03c25.source_info.json,1.479135,3888.65,174.41998,5063,VfS0qUERdZ,com.sec.android.app.shealth,0,6116c28a-fe19-4ee1-9ab3-fba9d6c03c25.achievement.json,6116c28a-fe19-4ee1-9ab3-fba9d6c03c25,1.6308E+12
7083,cd876186-dbba-4df7-8453-e6e877cdf6a4.binning_data.json,9719999,10000,33,20:03.4,com.sec.android.app.shealth,20:03.4,,0.56491125,5490.9375,249.01947,7050,Ll5vOcD74C,com.sec.android.app.shealth,977,cd876186-dbba-4df7-8453-e6e877cdf6a4.achievement.json,cd876186-dbba-4df7-8453-e6e877cdf6a4,1.63382E+12
4731,64775715-2684-4d35-9711-22a7611a5bba.binning_data.json,2330568,10000,134,53:40.2,com.sec.android.app.shealth,12:23.2,64775715-2684-4d35-9711-22a7611a5bba.source_info.json,1.5095805,3518.1802,158.34998,4597,VfS0qUERdZ,com.sec.android.app.shealth,0,64775715-2684-4d35-9711-22a7611a5bba.achievement.json,64775715-2684-4d35-9711-22a7611a5bba,1.6302E+12
159,c62de78c-cfb1-4516-9d64-a4e21bdb45eb.binning_data.json,93787,10000,0,28:03.0,com.sec.android.app.shealth,19:00.9,c62de78c-cfb1-4516-9d64-a4e21bdb45eb.source_info.json,1.2837493,120.4,5.96,159,VfS0qUERdZ,com.sec.android.app.shealth,0,c62de78c-cfb1-4516-9d64-a4e21bdb45eb.achievement.json,c62de78c-cfb1-4516-9d64-a4e21bdb45eb,1.63115E+12
3958,79261b20-6a5f-4a18-9c1b-aa4f00c69670.binning_data.json,5579999,10000,384,11:07.4,com.sec.android.app.shealth,11:07.4,,0.58026946,3237.9033,151.71603,3574,Ll5vOcD74C,com.sec.android.app.shealth,0,79261b20-6a5f-4a18-9c1b-aa4f00c69670.achievement.json,79261b20-6a5f-4a18-9c1b-aa4f00c69670,1.63365E+12
3156,2f7bd271-65d5-499a-ac9d-a098000948ff.binning_data.json,5058919,10000,106,26:45.0,com.sec.android.app.shealth,35:52.7,2f7bd271-65d5-499a-ac9d-a098000948ff.source_info.json,0.4699833,2377.608,109.69832,3050,VfS0qUERdZ,com.sec.android.app.shealth,0,2f7bd271-65d5-499a-ac9d-a098000948ff.achievement.json,2f7bd271-65d5-499a-ac9d-a098000948ff,1.63296E+12
6251,87281d65-b113-43b4-8fa6-081ddfc8afa3.binning_data.json,3071857,10000,415,48:53.9,com.sec.android.app.shealth,41:47.2,87281d65-b113-43b4-8fa6-081ddfc8afa3.source_info.json,1.5401624,4731.16,220.31999,5836,VfS0qUERdZ,com.sec.android.app.shealth,0,87281d65-b113-43b4-8fa6-081ddfc8afa3.achievement.json,87281d65-b113-43b4-8fa6-081ddfc8afa3,1.63106E+12
517,54224938-5b37-435d-b6ee-b345655b96a1.binning_data.json,2040000,10000,0,00:04.2,com.sec.android.app.shealth,00:04.2,,0.1983838,404.70294,18.057018,517,Ll5vOcD74C,com.sec.android.app.shealth,0,54224938-5b37-435d-b6ee-b345655b96a1.achievement.json,54224938-5b37-435d-b6ee-b345655b96a1,1.63132E+12
2846,a4ede85d-aaae-412b-a5eb-18293055c103.binning_data.json,1445053,10000,6,35:35.8,com.sec.android.app.shealth,18:22.8,a4ede85d-aaae-412b-a5eb-18293055c103.source_info.json,1.4395387,2080.21,94.119995,2840,VfS0qUERdZ,com.sec.android.app.shealth,0,a4ede85d-aaae-412b-a5eb-18293055c103.achievement.json,a4ede85d-aaae-412b-a5eb-18293055c103,1.63045E+12
3583,c2bec609-182c-48f6-9af4-f7022bc954ba.binning_data.json,7499999,10000,421,00:11.6,com.sec.android.app.shealth,00:11.6,,0.3920659,2940.4944,140.94743,3162,Ll5vOcD74C,com.sec.android.app.shealth,0,c2bec609-182c-48f6-9af4-f7022bc954ba.achievement.json,c2bec609-182c-48f6-9af4-f7022bc954ba,1.63149E+12
1567,056d4d1c-891f-4814-9fb1-f79741b3774d.binning_data.json,2613258,10000,2,47:02.3,com.sec.android.app.shealth,07:34.7,056d4d1c-891f-4814-9fb1-f79741b3774d.source_info.json,0.44756877,1169.6129,52.667015,1565,VfS0qUERdZ,com.sec.android.app.shealth,0,056d4d1c-891f-4814-9fb1-f79741b3774d.achievement.json,056d4d1c-891f-4814-9fb1-f79741b3774d,1.63132E+12
9281,44038e8e-a599-4339-b7dc-da9b322a820b.binning_data.json,4616741,10000,62,14:46.9,com.sec.android.app.shealth,14:46.9,,1.4562415,6723.0903,302.86993,9219,EIy+BrLOSY,com.sec.android.app.shealth,0,44038e8e-a599-4339-b7dc-da9b322a820b.achievement.json,44038e8e-a599-4339-b7dc-da9b322a820b,1.63391E+12
7021,20c51485-57ab-4cd9-bd5b-0a0119375b84.binning_data.json,3535111,10000,326,33:15.0,com.sec.android.app.shealth,55:17.5,20c51485-57ab-4cd9-bd5b-0a0119375b84.source_info.json,1.4902105,5268.06,241.97998,6695,VfS0qUERdZ,com.sec.android.app.shealth,0,20c51485-57ab-4cd9-bd5b-0a0119375b84.achievement.json,20c51485-57ab-4cd9-bd5b-0a0119375b84,1.63071E+12
4598,4c47c5ae-6cf5-46d8-89d5-cca586d39541.binning_data.json,7652183,10000,31,56:31.2,com.sec.android.app.shealth,09:51.0,4c47c5ae-6cf5-46d8-89d5-cca586d39541.source_info.json,0.44550014,3409.049,154.6823,4567,VfS0qUERdZ,com.sec.android.app.shealth,0,4c47c5ae-6cf5-46d8-89d5-cca586d39541.achievement.json,4c47c5ae-6cf5-46d8-89d5-cca586d39541,1.63313E+12
2494,4caae27f-9e90-43ba-a383-acd56705ef1a.binning_data.json,7140000,10000,72,00:12.0,com.sec.android.app.shealth,00:12.0,,0.279031,1992.2814,88.87048,2422,Ll5vOcD74C,com.sec.android.app.shealth,0,4caae27f-9e90-43ba-a383-acd56705ef1a.achievement.json,4caae27f-9e90-43ba-a383-acd56705ef1a,1.63166E+12
5098,e92adaff-4307-4f6e-8e74-b066f36a1f62.binning_data.json,6653525,10000,708,50:03.2,com.sec.android.app.shealth,00:53.2,e92adaff-4307-4f6e-8e74-b066f36a1f62.source_info.json,0.6212085,4133.2266,203.91164,4390,VfS0qUERdZ,com.sec.android.app.shealth,0,e92adaff-4307-4f6e-8e74-b066f36a1f62.achievement.json,e92adaff-4307-4f6e-8e74-b066f36a1f62,1.63149E+12
213,0d893000-707d-4b63-b755-b9aff5b73986.binning_data.json,118586,10000,0,25:56.8,com.sec.android.app.shealth,46:26.5,0d893000-707d-4b63-b755-b9aff5b73986.source_info.json,1.2991414,154.06,6.96,213,VfS0qUERdZ,com.sec.android.app.shealth,0,0d893000-707d-4b63-b755-b9aff5b73986.achievement.json,0d893000-707d-4b63-b755-b9aff5b73986,1.63097E+12
8494,d70e3a38-0215-4621-aae6-44a67944dd47.binning_data.json,9479999,10000,443,00:05.8,com.sec.android.app.shealth,00:05.8,,0.72057307,6831.0327,311.87158,8051,Ll5vOcD74C,com.sec.android.app.shealth,1043,d70e3a38-0215-4621-aae6-44a67944dd47.achievement.json,d70e3a38-0215-4621-aae6-44a67944dd47,1.63184E+12
2720,7a4f3827-d061-4b9a-aedb-fddb77c3755c.binning_data.json,4695769,10000,54,57:02.6,com.sec.android.app.shealth,48:03.1,7a4f3827-d061-4b9a-aedb-fddb77c3755c.source_info.json,0.42702627,2005.2169,92.759224,2666,VfS0qUERdZ,com.sec.android.app.shealth,0,7a4f3827-d061-4b9a-aedb-fddb77c3755c.achievement.json,7a4f3827-d061-4b9a-aedb-fddb77c3755c,1.63331E+12
3757,8744f747-a789-4e38-a527-01b45e6ed643.binning_data.json,1782467,10000,394,14:02.4,com.sec.android.app.shealth,12:37.2,8744f747-a789-4e38-a527-01b45e6ed643.source_info.json,1.6614722,2961.52,141.59,3363,VfS0qUERdZ,com.sec.android.app.shealth,0,8744f747-a789-4e38-a527-01b45e6ed643.achievement.json,8744f747-a789-4e38-a527-01b45e6ed643,1.63123E+12
3377,cf927af5-1150-41b0-b104-000f23ab285c.binning_data.json,6348586,10000,102,13:04.5,com.sec.android.app.shealth,28:01.5,cf927af5-1150-41b0-b104-000f23ab285c.source_info.json,0.40594247,2577.161,118.64695,3275,VfS0qUERdZ,com.sec.android.app.shealth,0,cf927af5-1150-41b0-b104-000f23ab285c.achievement.json,cf927af5-1150-41b0-b104-000f23ab285c,1.63166E+12
7396,ca6a15c3-0cf5-4509-985c-2f5de9c36519.binning_data.json,10500000,10000,114,18:22.3,com.sec.android.app.shealth,18:22.3,,0.5570105,5848.6104,261.96085,7282,Ll5vOcD74C,com.sec.android.app.shealth,0,ca6a15c3-0cf5-4509-985c-2f5de9c36519.achievement.json,ca6a15c3-0cf5-4509-985c-2f5de9c36519,1.63201E+12
5731,3efcf31a-bdd3-4a0e-ac92-d853cc7a311e.binning_data.json,6288269,10000,96,34:05.3,com.sec.android.app.shealth,31:54.5,3efcf31a-bdd3-4a0e-ac92-d853cc7a311e.source_info.json,0.6883079,4328.2656,198.17389,5635,VfS0qUERdZ,com.sec.android.app.shealth,0,3efcf31a-bdd3-4a0e-ac92-d853cc7a311e.achievement.json,3efcf31a-bdd3-4a0e-ac92-d853cc7a311e,1.63348E+12
4558,d3282e7d-7eaa-4236-8030-a3f3703f45ef.binning_data.json,5160000,10000,0,27:33.0,com.sec.android.app.shealth,27:33.0,,0.6900257,3560.5327,158.9469,4558,Ll5vOcD74C,com.sec.android.app.shealth,2135,d3282e7d-7eaa-4236-8030-a3f3703f45ef.achievement.json,d3282e7d-7eaa-4236-8030-a3f3703f45ef,1.63218E+12
2984,22dfd470-ff9d-4087-a519-c2ed19af2054.binning_data.json,1589460,10000,29,00:01.7,com.sec.android.app.shealth,00:01.7,,1.3640226,2168.06,95.53999,2955,EIy+BrLOSY,com.sec.android.app.shealth,0,22dfd470-ff9d-4087-a519-c2ed19af2054.achievement.json,22dfd470-ff9d-4087-a519-c2ed19af2054,1.6314E+12
10076,f7c0ae73-6d54-474f-ace1-812a1941daa0.binning_data.json,7608493,10000,446,52:17.7,com.sec.android.app.shealth,24:02.0,f7c0ae73-6d54-474f-ace1-812a1941daa0.source_info.json,1.0013717,7618.93,353.66617,9630,VfS0qUERdZ,com.sec.android.app.shealth,0,f7c0ae73-6d54-474f-ace1-812a1941daa0.achievement.json,f7c0ae73-6d54-474f-ace1-812a1941daa0,1.63184E+12
993,ad58d534-4525-400c-8ab2-f56593270221.binning_data.json,3779999,10000,41,09:22.3,com.sec.android.app.shealth,09:22.3,,0.20618749,779.3887,36.778625,952,Ll5vOcD74C,com.sec.android.app.shealth,0,ad58d534-4525-400c-8ab2-f56593270221.achievement.json,ad58d534-4525-400c-8ab2-f56593270221,1.63236E+12
4513,ed7a8e69-dc5c-4160-a070-d136da90dd75.binning_data.json,5029303,10000,450,09:02.8,com.sec.android.app.shealth,14:52.0,ed7a8e69-dc5c-4160-a070-d136da90dd75.source_info.json,0.7172255,3607.1448,168.70389,4063,VfS0qUERdZ,com.sec.android.app.shealth,0,ed7a8e69-dc5c-4160-a070-d136da90dd75.achievement.json,ed7a8e69-dc5c-4160-a070-d136da90dd75,1.63365E+12
164,19226769-5940-4010-839f-87fc2a5818ca.binning_data.json,93917,10000,0,00:01.8,com.sec.android.app.shealth,00:01.8,,1.2613161,118.45999,5.6599994,164,EIy+BrLOSY,com.sec.android.app.shealth,0,19226769-5940-4010-839f-87fc2a5818ca.achievement.json,19226769-5940-4010-839f-87fc2a5818ca,1.63158E+12
8219,bed081f8-f458-4369-8a0e-f9b3b2cc692d.binning_data.json,9055054,10000,16,54:02.3,com.sec.android.app.shealth,04:35.8,bed081f8-f458-4369-8a0e-f9b3b2cc692d.source_info.json,0.6675043,6044.288,274.32745,8203,VfS0qUERdZ,com.sec.android.app.shealth,0,bed081f8-f458-4369-8a0e-f9b3b2cc692d.achievement.json,bed081f8-f458-4369-8a0e-f9b3b2cc692d,1.63382E+12
10935,eb445f79-42c7-42a5-a162-2b2b1924938a.binning_data.json,9325356,10000,88,01:03.4,com.sec.android.app.shealth,57:49.6,eb445f79-42c7-42a5-a162-2b2b1924938a.source_info.json,0.87964606,8203.013,356.2728,10847,VfS0qUERdZ,com.sec.android.app.shealth,0,eb445f79-42c7-42a5-a162-2b2b1924938a.achievement.json,eb445f79-42c7-42a5-a162-2b2b1924938a,1.63201E+12
1441,e5d11389-bbc8-439d-a354-976a3349306d.binning_data.json,5640000,10000,0,00:04.4,com.sec.android.app.shealth,00:04.4,,0.1996717,1126.1484,50.3089,1441,Ll5vOcD74C,com.sec.android.app.shealth,0,e5d11389-bbc8-439d-a354-976a3349306d.achievement.json,e5d11389-bbc8-439d-a354-976a3349306d,1.63253E+12
4122,ec78263a-1637-4410-801d-37fde2c0d6a3.binning_data.json,2137555,10000,55,00:03.6,com.sec.android.app.shealth,00:03.6,,1.4078515,3009.36,133.26997,4067,EIy+BrLOSY,com.sec.android.app.shealth,0,ec78263a-1637-4410-801d-37fde2c0d6a3.achievement.json,ec78263a-1637-4410-801d-37fde2c0d6a3,1.63175E+12
5658,774e42cb-ea3e-45f6-8b6f-7fe360c8bf1b.binning_data.json,4676564,10000,0,40:03.4,com.sec.android.app.shealth,13:03.5,774e42cb-ea3e-45f6-8b6f-7fe360c8bf1b.source_info.json,0.86884266,4063.199,184.53706,5658,VfS0qUERdZ,com.sec.android.app.shealth,0,774e42cb-ea3e-45f6-8b6f-7fe360c8bf1b.achievement.json,774e42cb-ea3e-45f6-8b6f-7fe360c8bf1b,1.63218E+12
613,60473695-e381-402a-99ea-3d5a605b4a1b.binning_data.json,1527956,10000,0,02:55.1,com.sec.android.app.shealth,42:02.5,60473695-e381-402a-99ea-3d5a605b4a1b.source_info.json,0.3010987,460.06577,21.023766,613,VfS0qUERdZ,com.sec.android.app.shealth,0,60473695-e381-402a-99ea-3d5a605b4a1b.achievement.json,60473695-e381-402a-99ea-3d5a605b4a1b,1.634E+12
2673,b9ce0a9a-81ab-4682-a6e2-e0d8dbed253f.binning_data.json,6360000,10000,53,21:56.7,com.sec.android.app.shealth,21:56.7,,0.33200252,2111.5361,94.45183,2620,Ll5vOcD74C,com.sec.android.app.shealth,0,b9ce0a9a-81ab-4682-a6e2-e0d8dbed253f.achievement.json,b9ce0a9a-81ab-4682-a6e2-e0d8dbed253f,1.6327E+12
6856,7bcb3eda-a4d6-4d11-836d-d7f63d72ac67.binning_data.json,3630222,10000,38,00:40.2,com.sec.android.app.shealth,00:40.2,,1.3851879,5028.54,216.95,6818,EIy+BrLOSY,com.sec.android.app.shealth,0,7bcb3eda-a4d6-4d11-836d-d7f63d72ac67.achievement.json,7bcb3eda-a4d6-4d11-836d-d7f63d72ac67,1.63192E+12
1116,2cd4c650-1592-4dd7-a46b-be700bd8b490.binning_data.json,3796487,10000,41,53:01.9,com.sec.android.app.shealth,24:01.7,2cd4c650-1592-4dd7-a46b-be700bd8b490.source_info.json,0.22811732,866.0446,40.88071,1075,VfS0qUERdZ,com.sec.android.app.shealth,0,2cd4c650-1592-4dd7-a46b-be700bd8b490.achievement.json,2cd4c650-1592-4dd7-a46b-be700bd8b490,1.63236E+12
1160,5e620e26-ff80-485a-819f-a215861ec15f.binning_data.json,3360000,10000,86,15:03.4,com.sec.android.app.shealth,15:03.4,,0.27781475,933.4575,43.241745,1074,Ll5vOcD74C,com.sec.android.app.shealth,0,5e620e26-ff80-485a-819f-a215861ec15f.achievement.json,5e620e26-ff80-485a-819f-a215861ec15f,1.63287E+12
5873,905bb230-84e9-41c2-8f5b-7236b5db1a37.binning_data.json,2910342,10000,479,53:14.6,com.sec.android.app.shealth,53:14.6,,1.6017153,4661.54,217.90999,5394,EIy+BrLOSY,com.sec.android.app.shealth,0,905bb230-84e9-41c2-8f5b-7236b5db1a37.achievement.json,905bb230-84e9-41c2-8f5b-7236b5db1a37,1.6321E+12
8993,c49822e0-dc34-4c66-85b2-0d06c015d57a.binning_data.json,10859999,10000,388,24:19.2,com.sec.android.app.shealth,24:19.2,,0.6627829,7197.8228,328.50204,8605,Ll5vOcD74C,com.sec.android.app.shealth,969,c49822e0-dc34-4c66-85b2-0d06c015d57a.achievement.json,c49822e0-dc34-4c66-85b2-0d06c015d57a,1.63305E+12
3833,a1e4c630-fe18-4ca9-8231-96288caabb5a.binning_data.json,6538694,10000,46,50:00.0,com.sec.android.app.shealth,47:49.6,a1e4c630-fe18-4ca9-8231-96288caabb5a.source_info.json,0.4407738,2882.0854,131.12665,3787,VfS0qUERdZ,com.sec.android.app.shealth,0,a1e4c630-fe18-4ca9-8231-96288caabb5a.achievement.json,a1e4c630-fe18-4ca9-8231-96288caabb5a,1.63253E+12
3119,6dad5a58-3cc1-4f4e-bccb-e0f17205b00b.binning_data.json,1528390,10000,82,45:43.1,com.sec.android.app.shealth,33:59.4,,1.4998264,2292.32,104.689995,3037,EIy+BrLOSY,com.sec.android.app.shealth,0,6dad5a58-3cc1-4f4e-bccb-e0f17205b00b.achievement.json,6dad5a58-3cc1-4f4e-bccb-e0f17205b00b,1.63227E+12
2941,c3a2b208-0d1d-478e-99e0-165c3e496931.binning_data.json,9059999,10000,246,00:04.7,com.sec.android.app.shealth,00:04.7,,0.2643393,2394.914,112.33893,2695,Ll5vOcD74C,com.sec.android.app.shealth,0,c3a2b208-0d1d-478e-99e0-165c3e496931.achievement.json,c3a2b208-0d1d-478e-99e0-165c3e496931,1.63322E+12
6717,9f9c5d11-3aef-4d81-b655-fc1a50c0d573.binning_data.json,3296704,10000,392,01:14.7,com.sec.android.app.shealth,01:14.7,,1.5101992,4978.68,242.76997,6325,EIy+BrLOSY,com.sec.android.app.shealth,0,9f9c5d11-3aef-4d81-b655-fc1a50c0d573.achievement.json,9f9c5d11-3aef-4d81-b655-fc1a50c0d573,1.63244E+12
3564,92e19b21-9325-4e54-a205-566112cd138a.binning_data.json,5741551,10000,27,56:00.9,com.sec.android.app.shealth,42:07.1,92e19b21-9325-4e54-a205-566112cd138a.source_info.json,0.46703094,2681.4822,119.97087,3537,VfS0qUERdZ,com.sec.android.app.shealth,0,92e19b21-9325-4e54-a205-566112cd138a.achievement.json,92e19b21-9325-4e54-a205-566112cd138a,1.6327E+12
7654,39dc0bf2-0451-4b5d-850e-7aba61a1d34d.binning_data.json,3814722,10000,260,00:01.9,com.sec.android.app.shealth,00:01.9,,1.4629872,5580.89,259.37997,7394,EIy+BrLOSY,com.sec.android.app.shealth,0,39dc0bf2-0451-4b5d-850e-7aba61a1d34d.achievement.json,39dc0bf2-0451-4b5d-850e-7aba61a1d34d,1.63339E+12
245,ee7ef0f5-783b-444c-b4f6-8b2fa70a70b0.binning_data.json,143604,10000,0,00:01.4,com.sec.android.app.shealth,00:01.4,,1.2134,174.25,8.2,245,EIy+BrLOSY,com.sec.android.app.shealth,0,ee7ef0f5-783b-444c-b4f6-8b2fa70a70b0.achievement.json,ee7ef0f5-783b-444c-b4f6-8b2fa70a70b0,1.63261E+12
4379,cc9c8855-7e40-4432-ae0d-9b7ed80f2de5.binning_data.json,5460000,10000,126,00:29.0,com.sec.android.app.shealth,00:29.0,,0.6333627,3458.1606,157.517,4253,Ll5vOcD74C,com.sec.android.app.shealth,0,cc9c8855-7e40-4432-ae0d-9b7ed80f2de5.achievement.json,cc9c8855-7e40-4432-ae0d-9b7ed80f2de5,1.63356E+12
1328,b1ca10b5-0f28-44dd-b6bf-08ed9b7b15ff.binning_data.json,3352496,10000,86,13:02.5,com.sec.android.app.shealth,26:45.0,b1ca10b5-0f28-44dd-b6bf-08ed9b7b15ff.source_info.json,0.31397742,1052.6083,48.881207,1242,VfS0qUERdZ,com.sec.android.app.shealth,0,b1ca10b5-0f28-44dd-b6bf-08ed9b7b15ff.achievement.json,b1ca10b5-0f28-44dd-b6bf-08ed9b7b15ff,1.63287E+12
5214,032ac3a0-b370-4a60-95e6-ffcf0a5b3f46.binning_data.json,2626776,10000,42,00:01.8,com.sec.android.app.shealth,00:01.8,,1.4447669,3795.08,167.73999,5172,EIy+BrLOSY,com.sec.android.app.shealth,0,032ac3a0-b370-4a60-95e6-ffcf0a5b3f46.achievement.json,032ac3a0-b370-4a60-95e6-ffcf0a5b3f46,1.63374E+12
1730,bab132ad-c8d8-4007-961f-eb23e8b36c68.binning_data.json,875320,10000,6,49:04.9,com.sec.android.app.shealth,49:04.9,,1.432641,1254.02,55.69,1724,EIy+BrLOSY,com.sec.android.app.shealth,0,bab132ad-c8d8-4007-961f-eb23e8b36c68.achievement.json,bab132ad-c8d8-4007-961f-eb23e8b36c68,1.63279E+12
2257,0cd5b358-b110-47dc-8d59-0f45a7afcc86.binning_data.json,1152175,10000,96,02:17.4,com.sec.android.app.shealth,02:17.4,,1.442792,1662.35,77.35,2161,EIy+BrLOSY,com.sec.android.app.shealth,0,0cd5b358-b110-47dc-8d59-0f45a7afcc86.achievement.json,0cd5b358-b110-47dc-8d59-0f45a7afcc86,1.63296E+12
5343,a3d965fd-addc-4516-a871-364866f7465c.binning_data.json,7260000,10000,49,14:53.8,com.sec.android.app.shealth,14:53.8,,0.5765517,4185.7646,188.2366,5294,Ll5vOcD74C,com.sec.android.app.shealth,0,a3d965fd-addc-4516-a871-364866f7465c.achievement.json,a3d965fd-addc-4516-a871-364866f7465c,1.63391E+12
11234,a729e07c-348c-4a84-85a4-43080a5dafa5.binning_data.json,8839992,10000,420,35:04.3,com.sec.android.app.shealth,01:12.9,a729e07c-348c-4a84-85a4-43080a5dafa5.source_info.json,0.9614803,8499.4795,389.97958,10814,VfS0qUERdZ,com.sec.android.app.shealth,0,a729e07c-348c-4a84-85a4-43080a5dafa5.achievement.json,a729e07c-348c-4a84-85a4-43080a5dafa5,1.63305E+12
3675,d16d0ac9-61eb-49a5-acff-cac07a2c73fb.binning_data.json,8432640,10000,256,54:02.4,com.sec.android.app.shealth,35:03.8,d16d0ac9-61eb-49a5-acff-cac07a2c73fb.source_info.json,0.3472174,2927.9597,137.01433,3419,VfS0qUERdZ,com.sec.android.app.shealth,0,d16d0ac9-61eb-49a5-acff-cac07a2c73fb.achievement.json,d16d0ac9-61eb-49a5-acff-cac07a2c73fb,1.63322E+12
4929,fd3e56bd-8653-4ccf-9c2c-810212b14c79.binning_data.json,7679999,10000,264,00:03.6,com.sec.android.app.shealth,47:03.2,,0.51285803,3938.7495,182.43292,4665,Ll5vOcD74C,com.sec.android.app.shealth,0,fd3e56bd-8653-4ccf-9c2c-810212b14c79.achievement.json,fd3e56bd-8653-4ccf-9c2c-810212b14c79,1.63339E+12
2971,db7ec020-4939-40d8-9611-b663a4ecd365.binning_data.json,1630556,10000,0,37:26.1,com.sec.android.app.shealth,37:26.1,,1.2987409,2117.67,95.21,2971,EIy+BrLOSY,com.sec.android.app.shealth,0,db7ec020-4939-40d8-9611-b663a4ecd365.achievement.json,db7ec020-4939-40d8-9611-b663a4ecd365,1.63313E+12
4977,3e591771-9275-4c9a-a114-6f85f256a4b4.binning_data.json,4923230,10000,230,20:01.9,com.sec.android.app.shealth,58:04.2,3e591771-9275-4c9a-a114-6f85f256a4b4.source_info.json,0.7762403,3821.6096,177.89853,4747,VfS0qUERdZ,com.sec.android.app.shealth,0,3e591771-9275-4c9a-a114-6f85f256a4b4.achievement.json,3e591771-9275-4c9a-a114-6f85f256a4b4,1.63356E+12
8504,54bb468d-5934-4416-ad12-4f59d6b8351f.binning_data.json,7637104,10000,332,08:03.1,com.sec.android.app.shealth,25:02.1,54bb468d-5934-4416-ad12-4f59d6b8351f.source_info.json,0.8278907,6322.688,294.21152,8172,VfS0qUERdZ,com.sec.android.app.shealth,0,54bb468d-5934-4416-ad12-4f59d6b8351f.achievement.json,54bb468d-5934-4416-ad12-4f59d6b8351f,1.63339E+12
3025,418d0d03-da8e-465b-b88d-4c38a9c18244.binning_data.json,6540000,10000,172,00:03.4,com.sec.android.app.shealth,11:07.4,,0.3703031,2421.7822,112.57544,2853,Ll5vOcD74C,com.sec.android.app.shealth,0,418d0d03-da8e-465b-b88d-4c38a9c18244.achievement.json,418d0d03-da8e-465b-b88d-4c38a9c18244,1.63374E+12
4678,98a23e68-3f34-4976-b11c-55fa6ecfa4e2.binning_data.json,2348699,10000,128,29:23.1,com.sec.android.app.shealth,29:23.1,,1.4607278,3430.81,160.66998,4550,EIy+BrLOSY,com.sec.android.app.shealth,0,98a23e68-3f34-4976-b11c-55fa6ecfa4e2.achievement.json,98a23e68-3f34-4976-b11c-55fa6ecfa4e2,1.63348E+12
6177,61c5a5b9-2d52-465e-a356-0834b1c3f0df.binning_data.json,6841205,10000,163,54:03.0,com.sec.android.app.shealth,11:03.1,61c5a5b9-2d52-465e-a356-0834b1c3f0df.source_info.json,0.6779279,4637.8447,207.55981,6014,VfS0qUERdZ,com.sec.android.app.shealth,0,61c5a5b9-2d52-465e-a356-0834b1c3f0df.achievement.json,61c5a5b9-2d52-465e-a356-0834b1c3f0df,1.63374E+12
10232,36ec768e-907d-4c08-8730-d70d613da08b.binning_data.json,8492851,10000,56,20:02.1,com.sec.android.app.shealth,09:03.3,36ec768e-907d-4c08-8730-d70d613da08b.source_info.json,0.88317764,7500.697,337.9678,10176,VfS0qUERdZ,com.sec.android.app.shealth,0,36ec768e-907d-4c08-8730-d70d613da08b.achievement.json,36ec768e-907d-4c08-8730-d70d613da08b,1.63391E+12
6246,5cfff9c7-0839-4eaf-a6d9-0412a2f0768a.binning_data.json,3278537,10000,16,19:57.1,com.sec.android.app.shealth,19:57.1,,1.3640838,4472.1997,201.73999,6230,EIy+BrLOSY,com.sec.android.app.shealth,0,5cfff9c7-0839-4eaf-a6d9-0412a2f0768a.achievement.json,5cfff9c7-0839-4eaf-a6d9-0412a2f0768a,1.63382E+12
